Modelo,NumReacciones,SimilaridadPromedio
TCGA-3C-AAAU-01A_Xomics_specificModel,900,0.452980180718014
TCGA-3C-AALI-01A_Xomics_specificModel,1156,0.460766259593792
TCGA-3C-AALJ-01A_Xomics_specificModel,1219,0.462314544031061
TCGA-3C-AALK-01A_Xomics_specificModel,1561,0.469350045692904
TCGA-4H-AAAK-01A_Xomics_specificModel,1084,0.452672652695105
TCGA-5L-AAT0-01A_Xomics_specificModel,1140,0.471222586467594
TCGA-5L-AAT1-01A_Xomics_specificModel,766,0.447622925368683
TCGA-5T-A9QA-01A_Xomics_specificModel,1099,0.459984378001636
TCGA-A1-A0SB-01A_Xomics_specificModel,1269,0.473058117819629
TCGA-A1-A0SD-01A_Xomics_specificModel,1433,0.460312487110352
TCGA-A1-A0SE-01A_Xomics_specificModel,1325,0.451677567216904
TCGA-A1-A0SF-01A_Xomics_specificModel,1237,0.461806673908443
TCGA-A1-A0SG-01A_Xomics_specificModel,1094,0.442181679507436
TCGA-A1-A0SH-01A_Xomics_specificModel,1354,0.438942469783304
TCGA-A1-A0SI-01A_Xomics_specificModel,1203,0.447679917763354
TCGA-A1-A0SJ-01A_Xomics_specificModel,1219,0.453878182748519
TCGA-A1-A0SK-01A_Xomics_specificModel,767,0.403740010428662
TCGA-A1-A0SM-01A_Xomics_specificModel,1296,0.461745220926831
TCGA-A1-A0SN-01A_Xomics_specificModel,1593,0.434947673809122
TCGA-A1-A0SO-01A_Xomics_specificModel,1086,0.451109665467593
TCGA-A1-A0SP-01A_Xomics_specificModel,795,0.429503406699094
TCGA-A1-A0SQ-01A_Xomics_specificModel,1204,0.456304649708338
TCGA-A2-A04N-01A_Xomics_specificModel,1051,0.419652149238809
TCGA-A2-A04P-01A_Xomics_specificModel,1015,0.454238449997271
TCGA-A2-A04Q-01A_Xomics_specificModel,918,0.449458674626735
TCGA-A2-A04R-01A_Xomics_specificModel,937,0.441304665473743
TCGA-A2-A04T-01A_Xomics_specificModel,1091,0.466626247853657
TCGA-A2-A04U-01A_Xomics_specificModel,1209,0.450587069216528
TCGA-A2-A04V-01A_Xomics_specificModel,1033,0.45052311268914
TCGA-A2-A04W-01A_Xomics_specificModel,1350,0.452350023822854
TCGA-A2-A04X-01A_Xomics_specificModel,1174,0.456971849693859
TCGA-A2-A04Y-01A_Xomics_specificModel,1299,0.455306977234861
TCGA-A2-A0CK-01A_Xomics_specificModel,921,0.447867113523112
TCGA-A2-A0CL-01A_Xomics_specificModel,1231,0.457650118847558
TCGA-A2-A0CM-01A_Xomics_specificModel,1285,0.463860056373604
TCGA-A2-A0CO-01A_Xomics_specificModel,826,0.428083813430505
TCGA-A2-A0CP-01A_Xomics_specificModel,1153,0.459507767258655
TCGA-A2-A0CQ-01A_Xomics_specificModel,849,0.447418665826708
TCGA-A2-A0CR-01A_Xomics_specificModel,952,0.449685200018197
TCGA-A2-A0CS-01A_Xomics_specificModel,1130,0.452030846121067
TCGA-A2-A0CT-01A_Xomics_specificModel,1406,0.446193431996755
TCGA-A2-A0CU-01A_Xomics_specificModel,922,0.431026707629617
TCGA-A2-A0CV-01A_Xomics_specificModel,985,0.455994571130727
TCGA-A2-A0CW-01A_Xomics_specificModel,746,0.444452322878647
TCGA-A2-A0CX-01A_Xomics_specificModel,1425,0.460595843368891
TCGA-A2-A0CY-01A_Xomics_specificModel,1007,0.454934484193132
TCGA-A2-A0CZ-01A_Xomics_specificModel,1207,0.444983678503168
TCGA-A2-A0D0-01A_Xomics_specificModel,1226,0.45953755102968
TCGA-A2-A0D1-01A_Xomics_specificModel,1498,0.45490299851592
TCGA-A2-A0D2-01A_Xomics_specificModel,1206,0.451372933804469
TCGA-A2-A0D3-01A_Xomics_specificModel,1522,0.450266422999932
TCGA-A2-A0D4-01A_Xomics_specificModel,847,0.430076116334374
TCGA-A2-A0EM-01A_Xomics_specificModel,1319,0.449701329586869
TCGA-A2-A0EN-01A_Xomics_specificModel,906,0.442939789478339
TCGA-A2-A0EO-01A_Xomics_specificModel,861,0.424795159149555
TCGA-A2-A0EP-01A_Xomics_specificModel,890,0.415482078889734
TCGA-A2-A0EQ-01A_Xomics_specificModel,1000,0.439520348645132
TCGA-A2-A0ER-01A_Xomics_specificModel,967,0.45300056474911
TCGA-A2-A0ES-01A_Xomics_specificModel,1074,0.443266327959901
TCGA-A2-A0ET-01A_Xomics_specificModel,731,0.412414117753968
TCGA-A2-A0EU-01A_Xomics_specificModel,1185,0.445136050447593
TCGA-A2-A0EV-01A_Xomics_specificModel,1312,0.455203476873509
TCGA-A2-A0EW-01A_Xomics_specificModel,1041,0.44943723319588
TCGA-A2-A0EX-01A_Xomics_specificModel,1088,0.447219148968936
TCGA-A2-A0EY-01A_Xomics_specificModel,957,0.431295091820849
TCGA-A2-A0ST-01A_Xomics_specificModel,945,0.433132261943314
TCGA-A2-A0SU-01A_Xomics_specificModel,944,0.434628778692486
TCGA-A2-A0SV-01A_Xomics_specificModel,1116,0.463387559578101
TCGA-A2-A0SW-01A_Xomics_specificModel,772,0.438706126102233
TCGA-A2-A0SX-01A_Xomics_specificModel,970,0.424766087563434
TCGA-A2-A0SY-01A_Xomics_specificModel,1025,0.445532695921985
TCGA-A2-A0T0-01A_Xomics_specificModel,1585,0.445178043450186
TCGA-A2-A0T1-01A_Xomics_specificModel,1063,0.450722187438142
TCGA-A2-A0T2-01A_Xomics_specificModel,1076,0.450004056555981
TCGA-A2-A0T3-01A_Xomics_specificModel,1230,0.453609139107718
TCGA-A2-A0T4-01A_Xomics_specificModel,1070,0.450481854249029
TCGA-A2-A0T5-01A_Xomics_specificModel,1041,0.445972458832042
TCGA-A2-A0T6-01A_Xomics_specificModel,1199,0.467166010718019
TCGA-A2-A0T7-01A_Xomics_specificModel,1140,0.4587933830747
TCGA-A2-A0YC-01A_Xomics_specificModel,1657,0.45826839880886
TCGA-A2-A0YD-01A_Xomics_specificModel,1646,0.451309688445363
TCGA-A2-A0YE-01A_Xomics_specificModel,931,0.424589493059555
TCGA-A2-A0YF-01A_Xomics_specificModel,1139,0.468129808320047
TCGA-A2-A0YG-01A_Xomics_specificModel,1056,0.441051618902626
TCGA-A2-A0YH-01A_Xomics_specificModel,1422,0.436791513465559
TCGA-A2-A0YI-01A_Xomics_specificModel,1029,0.445034204791194
TCGA-A2-A0YJ-01A_Xomics_specificModel,1093,0.464915591338424
TCGA-A2-A0YK-01A_Xomics_specificModel,1237,0.4624487801863
TCGA-A2-A0YL-01A_Xomics_specificModel,1221,0.470446843403465
TCGA-A2-A0YM-01A_Xomics_specificModel,1055,0.466386375596863
TCGA-A2-A0YT-01A_Xomics_specificModel,311,0.272646382319073
TCGA-A2-A1FV-01A_Xomics_specificModel,1295,0.442908084658365
TCGA-A2-A1FW-01A_Xomics_specificModel,1316,0.451081422796781
TCGA-A2-A1FX-01A_Xomics_specificModel,1271,0.440110575609485
TCGA-A2-A1FZ-01A_Xomics_specificModel,1004,0.441983349478524
TCGA-A2-A1G0-01A_Xomics_specificModel,1038,0.453453264090185
TCGA-A2-A1G1-01A_Xomics_specificModel,1183,0.452093889704821
TCGA-A2-A1G4-01A_Xomics_specificModel,1006,0.45502001841728
TCGA-A2-A1G6-01A_Xomics_specificModel,1138,0.457858908474178
TCGA-A2-A259-01A_Xomics_specificModel,864,0.420646505391489
TCGA-A2-A25A-01A_Xomics_specificModel,1003,0.459981885831168
TCGA-A2-A25B-01A_Xomics_specificModel,1026,0.448139212356803
TCGA-A2-A25C-01A_Xomics_specificModel,669,0.402573342896972
TCGA-A2-A25D-01A_Xomics_specificModel,1274,0.4539054531422
TCGA-A2-A25E-01A_Xomics_specificModel,1091,0.428001556545673
TCGA-A2-A25F-01A_Xomics_specificModel,904,0.453271495100939
TCGA-A2-A3KC-01A_Xomics_specificModel,1594,0.445561935312009
TCGA-A2-A3KD-01A_Xomics_specificModel,1061,0.456602085372129
TCGA-A2-A3XS-01A_Xomics_specificModel,1116,0.453842396045897
TCGA-A2-A3XT-01A_Xomics_specificModel,1119,0.473695536777736
TCGA-A2-A3XU-01A_Xomics_specificModel,884,0.437950410026648
TCGA-A2-A3XV-01A_Xomics_specificModel,1290,0.459006085006563
TCGA-A2-A3XW-01A_Xomics_specificModel,849,0.442498026116826
TCGA-A2-A3XX-01A_Xomics_specificModel,1033,0.440685462696426
TCGA-A2-A3XY-01A_Xomics_specificModel,862,0.427460311276964
TCGA-A2-A3XZ-01A_Xomics_specificModel,1082,0.433947296640733
TCGA-A2-A3Y0-01A_Xomics_specificModel,818,0.431095050156998
TCGA-A2-A4RW-01A_Xomics_specificModel,1004,0.461761181003342
TCGA-A2-A4RX-01A_Xomics_specificModel,892,0.427610834540651
TCGA-A2-A4RY-01A_Xomics_specificModel,1274,0.44903779497235
TCGA-A2-A4S0-01A_Xomics_specificModel,1318,0.462690628421232
TCGA-A2-A4S1-01A_Xomics_specificModel,708,0.433458683665013
TCGA-A2-A4S2-01A_Xomics_specificModel,1140,0.467321136586702
TCGA-A2-A4S3-01A_Xomics_specificModel,1000,0.465971540410815
TCGA-A7-A0CD-01A_Xomics_specificModel,1340,0.464151409322091
TCGA-A7-A0CE-01A_Xomics_specificModel,1050,0.440521309561203
TCGA-A7-A0CE-11A_Xomics_specificModel,939,0.454149648671811
TCGA-A7-A0CG-01A_Xomics_specificModel,1042,0.455996528926652
TCGA-A7-A0CH-01A_Xomics_specificModel,1086,0.470881895640096
TCGA-A7-A0CH-11A_Xomics_specificModel,1077,0.461445180809797
TCGA-A7-A0CJ-01A_Xomics_specificModel,691,0.417835844720474
TCGA-A7-A0D9-01A_Xomics_specificModel,1041,0.470751824455467
TCGA-A7-A0D9-11A_Xomics_specificModel,1282,0.468019037379882
TCGA-A7-A0DA-01A_Xomics_specificModel,1068,0.468143122313435
TCGA-A7-A0DB-01A_Xomics_specificModel,684,0.408672139617199
TCGA-A7-A0DB-01C_Xomics_specificModel,1168,0.454229445633034
TCGA-A7-A0DB-11A_Xomics_specificModel,953,0.444926184582364
TCGA-A7-A0DC-01A_Xomics_specificModel,1390,0.429722201760368
TCGA-A7-A0DC-01B_Xomics_specificModel,1092,0.444229953591338
TCGA-A7-A0DC-11A_Xomics_specificModel,1059,0.416621220696804
TCGA-A7-A13D-01A_Xomics_specificModel,1116,0.446016046249285
TCGA-A7-A13D-01B_Xomics_specificModel,776,0.430200616103587
TCGA-A7-A13E-01A_Xomics_specificModel,1341,0.459974334752638
TCGA-A7-A13E-01B_Xomics_specificModel,1342,0.439213108835489
TCGA-A7-A13E-11A_Xomics_specificModel,1258,0.457357484256471
TCGA-A7-A13F-01A_Xomics_specificModel,611,0.399238501024243
TCGA-A7-A13F-11A_Xomics_specificModel,938,0.445524598760968
TCGA-A7-A13G-01A_Xomics_specificModel,874,0.455298909356164
TCGA-A7-A13G-01B_Xomics_specificModel,1258,0.443142557566872
TCGA-A7-A13G-11A_Xomics_specificModel,1356,0.457261854514056
TCGA-A7-A13H-01A_Xomics_specificModel,1418,0.455627909661243
TCGA-A7-A26E-01A_Xomics_specificModel,1083,0.441243914184928
TCGA-A7-A26E-01B_Xomics_specificModel,1258,0.463149105473125
TCGA-A7-A26F-01A_Xomics_specificModel,1376,0.456171924027318
TCGA-A7-A26F-01B_Xomics_specificModel,899,0.45832105524325
TCGA-A7-A26G-01A_Xomics_specificModel,1334,0.450713116863387
TCGA-A7-A26H-01A_Xomics_specificModel,932,0.451495352180368
TCGA-A7-A26I-01A_Xomics_specificModel,1183,0.445161372541141
TCGA-A7-A26I-01B_Xomics_specificModel,1307,0.459614507178375
TCGA-A7-A26J-01A_Xomics_specificModel,952,0.452352621979759
TCGA-A7-A26J-01B_Xomics_specificModel,1332,0.458770702488359
TCGA-A7-A2KD-01A_Xomics_specificModel,826,0.451903098938735
TCGA-A7-A3IY-01A_Xomics_specificModel,1214,0.436618791647026
TCGA-A7-A3IZ-01A_Xomics_specificModel,792,0.431397685218401
TCGA-A7-A3J0-01A_Xomics_specificModel,1300,0.454016146501172
TCGA-A7-A3J1-01A_Xomics_specificModel,1076,0.458776665925934
TCGA-A7-A3RF-01A_Xomics_specificModel,1095,0.455068499088334
TCGA-A7-A425-01A_Xomics_specificModel,1068,0.452786024017867
TCGA-A7-A426-01A_Xomics_specificModel,902,0.450884690185862
TCGA-A7-A4SA-01A_Xomics_specificModel,727,0.44128959133457
TCGA-A7-A4SB-01A_Xomics_specificModel,1095,0.42886442035892
TCGA-A7-A4SC-01A_Xomics_specificModel,1229,0.4640175549065
TCGA-A7-A4SD-01A_Xomics_specificModel,851,0.440150904608665
TCGA-A7-A4SE-01A_Xomics_specificModel,740,0.434699135994422
TCGA-A7-A4SF-01A_Xomics_specificModel,1410,0.468146089624403
TCGA-A7-A56D-01A_Xomics_specificModel,1096,0.456608556003566
TCGA-A7-A5ZV-01A_Xomics_specificModel,1016,0.455758709862316
TCGA-A7-A5ZW-01A_Xomics_specificModel,1294,0.461239287339042
TCGA-A7-A5ZX-01A_Xomics_specificModel,1242,0.44285097977238
TCGA-A7-A6VV-01A_Xomics_specificModel,941,0.428298872129148
TCGA-A7-A6VW-01A_Xomics_specificModel,965,0.449035459108092
TCGA-A7-A6VX-01A_Xomics_specificModel,839,0.425947195179676
TCGA-A7-A6VY-01A_Xomics_specificModel,1222,0.457824648586375
TCGA-A8-A06N-01A_Xomics_specificModel,1023,0.440218122636385
TCGA-A8-A06O-01A_Xomics_specificModel,1223,0.448873268482374
TCGA-A8-A06P-01A_Xomics_specificModel,1059,0.447904665982416
TCGA-A8-A06Q-01A_Xomics_specificModel,1319,0.45214341013504
TCGA-A8-A06R-01A_Xomics_specificModel,998,0.465626092363755
TCGA-A8-A06T-01A_Xomics_specificModel,970,0.456887662858705
TCGA-A8-A06U-01A_Xomics_specificModel,1043,0.455789343715344
TCGA-A8-A06X-01A_Xomics_specificModel,878,0.424920758173391
TCGA-A8-A06Y-01A_Xomics_specificModel,1124,0.443495716604995
TCGA-A8-A06Z-01A_Xomics_specificModel,1049,0.439046169483211
TCGA-A8-A075-01A_Xomics_specificModel,1242,0.455008994612534
TCGA-A8-A076-01A_Xomics_specificModel,723,0.426045596325354
TCGA-A8-A079-01A_Xomics_specificModel,1286,0.45789105534874
TCGA-A8-A07B-01A_Xomics_specificModel,1406,0.457654051737535
TCGA-A8-A07C-01A_Xomics_specificModel,926,0.44352926387117
TCGA-A8-A07E-01A_Xomics_specificModel,1314,0.449979077766233
TCGA-A8-A07F-01A_Xomics_specificModel,1040,0.4421872464879
TCGA-A8-A07G-01A_Xomics_specificModel,1294,0.449717269586532
TCGA-A8-A07I-01A_Xomics_specificModel,1286,0.43835069684536
TCGA-A8-A07J-01A_Xomics_specificModel,901,0.441658089105816
TCGA-A8-A07L-01A_Xomics_specificModel,1282,0.45566915886116
TCGA-A8-A07O-01A_Xomics_specificModel,1340,0.461773608104478
TCGA-A8-A07P-01A_Xomics_specificModel,1268,0.449569637283856
TCGA-A8-A07R-01A_Xomics_specificModel,1358,0.458907895517834
TCGA-A8-A07S-01A_Xomics_specificModel,927,0.447575723027123
TCGA-A8-A07U-01A_Xomics_specificModel,1173,0.429856511251162
TCGA-A8-A07W-01A_Xomics_specificModel,1366,0.459097106758754
TCGA-A8-A07Z-01A_Xomics_specificModel,1072,0.468187037778477
TCGA-A8-A081-01A_Xomics_specificModel,1332,0.47993633364172
TCGA-A8-A082-01A_Xomics_specificModel,1182,0.468289433903028
TCGA-A8-A083-01A_Xomics_specificModel,1067,0.445432374154231
TCGA-A8-A084-01A_Xomics_specificModel,1331,0.445670389093639
TCGA-A8-A085-01A_Xomics_specificModel,1444,0.450800347764539
TCGA-A8-A086-01A_Xomics_specificModel,1030,0.445898557870243
TCGA-A8-A08A-01A_Xomics_specificModel,1177,0.441924939100334
TCGA-A8-A08B-01A_Xomics_specificModel,1189,0.437333365673679
TCGA-A8-A08C-01A_Xomics_specificModel,1277,0.449814157988847
TCGA-A8-A08F-01A_Xomics_specificModel,1212,0.466510349838838
TCGA-A8-A08G-01A_Xomics_specificModel,1025,0.446475077753588
TCGA-A8-A08H-01A_Xomics_specificModel,984,0.453398109771258
TCGA-A8-A08I-01A_Xomics_specificModel,969,0.460538062344145
TCGA-A8-A08J-01A_Xomics_specificModel,864,0.433929602337445
TCGA-A8-A08L-01A_Xomics_specificModel,1237,0.461926370745294
TCGA-A8-A08O-01A_Xomics_specificModel,1078,0.453333896218388
TCGA-A8-A08P-01A_Xomics_specificModel,1016,0.433716640219976
TCGA-A8-A08R-01A_Xomics_specificModel,776,0.447901706118595
TCGA-A8-A08S-01A_Xomics_specificModel,1102,0.448387687459364
TCGA-A8-A08T-01A_Xomics_specificModel,1240,0.437413423289909
TCGA-A8-A08X-01A_Xomics_specificModel,1278,0.464449302034021
TCGA-A8-A08Z-01A_Xomics_specificModel,1255,0.470062742581237
TCGA-A8-A090-01A_Xomics_specificModel,1106,0.459489611660769
TCGA-A8-A091-01A_Xomics_specificModel,1516,0.451797711523701
TCGA-A8-A092-01A_Xomics_specificModel,1215,0.449272817107743
TCGA-A8-A093-01A_Xomics_specificModel,943,0.453038458855456
TCGA-A8-A094-01A_Xomics_specificModel,1242,0.43434261108249
TCGA-A8-A095-01A_Xomics_specificModel,1079,0.446249410844
TCGA-A8-A096-01A_Xomics_specificModel,1016,0.44609880607199
TCGA-A8-A097-01A_Xomics_specificModel,1106,0.470208640765412
TCGA-A8-A099-01A_Xomics_specificModel,1170,0.426786793282219
TCGA-A8-A09A-01A_Xomics_specificModel,1161,0.463508190812349
TCGA-A8-A09B-01A_Xomics_specificModel,1028,0.461346279884442
TCGA-A8-A09C-01A_Xomics_specificModel,1125,0.461183797576727
TCGA-A8-A09D-01A_Xomics_specificModel,970,0.402317004676952
TCGA-A8-A09E-01A_Xomics_specificModel,1324,0.455759269335721
TCGA-A8-A09G-01A_Xomics_specificModel,1210,0.461421542268038
TCGA-A8-A09I-01A_Xomics_specificModel,1066,0.446836696787411
TCGA-A8-A09K-01A_Xomics_specificModel,785,0.446577744638794
TCGA-A8-A09M-01A_Xomics_specificModel,971,0.437265312836946
TCGA-A8-A09N-01A_Xomics_specificModel,1084,0.460132270348944
TCGA-A8-A09Q-01A_Xomics_specificModel,792,0.441548660274029
TCGA-A8-A09R-01A_Xomics_specificModel,1129,0.436204214512713
TCGA-A8-A09T-01A_Xomics_specificModel,1353,0.451692669273663
TCGA-A8-A09V-01A_Xomics_specificModel,1043,0.460381846295962
TCGA-A8-A09W-01A_Xomics_specificModel,1305,0.443480315410553
TCGA-A8-A09X-01A_Xomics_specificModel,1315,0.451310619819469
TCGA-A8-A09Z-01A_Xomics_specificModel,1241,0.459701498760464
TCGA-A8-A0A1-01A_Xomics_specificModel,790,0.430164260663225
TCGA-A8-A0A2-01A_Xomics_specificModel,1229,0.43688909731266
TCGA-A8-A0A4-01A_Xomics_specificModel,1274,0.453779448573615
TCGA-A8-A0A6-01A_Xomics_specificModel,1022,0.443771563797166
TCGA-A8-A0A7-01A_Xomics_specificModel,1040,0.447962214734549
TCGA-A8-A0A9-01A_Xomics_specificModel,1135,0.443084264622488
TCGA-A8-A0AB-01A_Xomics_specificModel,1083,0.454279390170117
TCGA-A8-A0AD-01A_Xomics_specificModel,980,0.430601204576051
TCGA-AC-A23C-01A_Xomics_specificModel,1328,0.450213218400736
TCGA-AC-A23E-01A_Xomics_specificModel,1377,0.441962589021192
TCGA-AC-A23G-01A_Xomics_specificModel,990,0.447678714022871
TCGA-AC-A23H-01A_Xomics_specificModel,1011,0.447457705230229
TCGA-AC-A23H-11A_Xomics_specificModel,1167,0.460077096410729
TCGA-AC-A2B8-01A_Xomics_specificModel,1010,0.457551010671537
TCGA-AC-A2BK-01A_Xomics_specificModel,1324,0.477004357048927
TCGA-AC-A2BM-01A_Xomics_specificModel,987,0.437576916334548
TCGA-AC-A2FB-01A_Xomics_specificModel,593,0.407770491386031
TCGA-AC-A2FB-11A_Xomics_specificModel,1257,0.449137877552967
TCGA-AC-A2FE-01A_Xomics_specificModel,1117,0.457534018396047
TCGA-AC-A2FF-01A_Xomics_specificModel,743,0.424085611453886
TCGA-AC-A2FF-11A_Xomics_specificModel,959,0.453586584250329
TCGA-AC-A2FG-01A_Xomics_specificModel,951,0.450956293143442
TCGA-AC-A2FK-01A_Xomics_specificModel,1033,0.455418864386809
TCGA-AC-A2FM-01A_Xomics_specificModel,315,0.289199396282251
TCGA-AC-A2FM-11B_Xomics_specificModel,1043,0.463522725658657
TCGA-AC-A2FO-01A_Xomics_specificModel,1214,0.460171460332233
TCGA-AC-A2QH-01A_Xomics_specificModel,1088,0.445748831549511
TCGA-AC-A2QH-01B_Xomics_specificModel,993,0.464921053774283
TCGA-AC-A2QI-01A_Xomics_specificModel,1121,0.460035043826687
TCGA-AC-A2QJ-01A_Xomics_specificModel,1049,0.463380013500511
TCGA-AC-A3BB-01A_Xomics_specificModel,1159,0.452970942883189
TCGA-AC-A3EH-01A_Xomics_specificModel,1102,0.441463191778991
TCGA-AC-A3HN-01A_Xomics_specificModel,1129,0.456443290622515
TCGA-AC-A3OD-01A_Xomics_specificModel,1011,0.455250353238871
TCGA-AC-A3OD-01B_Xomics_specificModel,976,0.450650691771477
TCGA-AC-A3QP-01A_Xomics_specificModel,1165,0.470634048883011
TCGA-AC-A3QQ-01B_Xomics_specificModel,936,0.441985359712482
TCGA-AC-A3TM-01A_Xomics_specificModel,726,0.445782006443476
TCGA-AC-A3TN-01A_Xomics_specificModel,781,0.437888369705155
TCGA-AC-A3W5-01A_Xomics_specificModel,1370,0.462328240476847
TCGA-AC-A3W6-01A_Xomics_specificModel,1212,0.464143523227687
TCGA-AC-A3W7-01A_Xomics_specificModel,658,0.402518668938087
TCGA-AC-A3YI-01A_Xomics_specificModel,919,0.450116504262685
TCGA-AC-A3YJ-01A_Xomics_specificModel,1237,0.461333028293324
TCGA-AC-A4ZE-01A_Xomics_specificModel,1130,0.440463360250324
TCGA-AC-A5EH-01A_Xomics_specificModel,776,0.42602997768538
TCGA-AC-A5XS-01A_Xomics_specificModel,1549,0.463767068003234
TCGA-AC-A5XU-01A_Xomics_specificModel,1172,0.450813659614106
TCGA-AC-A62V-01A_Xomics_specificModel,1265,0.452279517135315
TCGA-AC-A62X-01A_Xomics_specificModel,693,0.421028065122976
TCGA-AC-A62Y-01A_Xomics_specificModel,1212,0.458192384677341
TCGA-AC-A6IV-01A_Xomics_specificModel,780,0.422472254914136
TCGA-AC-A6IW-01A_Xomics_specificModel,1077,0.456805934657881
TCGA-AC-A6IX-01A_Xomics_specificModel,951,0.439631351714052
TCGA-AC-A6IX-06A_Xomics_specificModel,1153,0.45894362964702
TCGA-AC-A6NO-01A_Xomics_specificModel,1133,0.462883486630497
TCGA-AC-A7VB-01A_Xomics_specificModel,1115,0.459335371783528
TCGA-AC-A7VC-01A_Xomics_specificModel,1404,0.461156294416851
TCGA-AC-A8OP-01A_Xomics_specificModel,1109,0.466310380421792
TCGA-AC-A8OQ-01A_Xomics_specificModel,1213,0.427301257861085
TCGA-AC-A8OR-01A_Xomics_specificModel,921,0.451186987002748
TCGA-AC-A8OS-01A_Xomics_specificModel,1262,0.424392754512422
TCGA-AN-A03X-01A_Xomics_specificModel,1237,0.47048313674916
TCGA-AN-A03Y-01A_Xomics_specificModel,1210,0.448987339803125
TCGA-AN-A041-01A_Xomics_specificModel,1025,0.448195206770294
TCGA-AN-A046-01A_Xomics_specificModel,1148,0.453101330003773
TCGA-AN-A049-01A_Xomics_specificModel,1241,0.461022780458357
TCGA-AN-A04A-01A_Xomics_specificModel,1072,0.454824671509533
TCGA-AN-A04C-01A_Xomics_specificModel,1174,0.447919357148872
TCGA-AN-A04D-01A_Xomics_specificModel,1132,0.464792200717647
TCGA-AN-A0AJ-01A_Xomics_specificModel,952,0.427268834619937
TCGA-AN-A0AK-01A_Xomics_specificModel,890,0.427449713988478
TCGA-AN-A0AL-01A_Xomics_specificModel,1138,0.454868647928144
TCGA-AN-A0AM-01A_Xomics_specificModel,852,0.431053037147423
TCGA-AN-A0AR-01A_Xomics_specificModel,840,0.423454851860036
TCGA-AN-A0AS-01A_Xomics_specificModel,1059,0.434112417834376
TCGA-AN-A0AT-01A_Xomics_specificModel,1041,0.461279984700586
TCGA-AN-A0FD-01A_Xomics_specificModel,1018,0.450343911043832
TCGA-AN-A0FF-01A_Xomics_specificModel,1278,0.440407661656157
TCGA-AN-A0FJ-01A_Xomics_specificModel,1194,0.449375850808883
TCGA-AN-A0FK-01A_Xomics_specificModel,926,0.438959321083951
TCGA-AN-A0FL-01A_Xomics_specificModel,710,0.412684995080958
TCGA-AN-A0FN-01A_Xomics_specificModel,725,0.425397042979468
TCGA-AN-A0FS-01A_Xomics_specificModel,1238,0.460549376905316
TCGA-AN-A0FT-01A_Xomics_specificModel,771,0.406911977327713
TCGA-AN-A0FV-01A_Xomics_specificModel,1041,0.450391196128504
TCGA-AN-A0FW-01A_Xomics_specificModel,1306,0.45607142444132
TCGA-AN-A0FX-01A_Xomics_specificModel,1011,0.424085315355416
TCGA-AN-A0FY-01A_Xomics_specificModel,780,0.436002752901467
TCGA-AN-A0FZ-01A_Xomics_specificModel,1157,0.459778003503945
TCGA-AN-A0G0-01A_Xomics_specificModel,1117,0.461295380521545
TCGA-AN-A0XL-01A_Xomics_specificModel,1065,0.452775864880283
TCGA-AN-A0XN-01A_Xomics_specificModel,1488,0.477624582121844
TCGA-AN-A0XO-01A_Xomics_specificModel,1175,0.459292976875781
TCGA-AN-A0XP-01A_Xomics_specificModel,1076,0.462930181008062
TCGA-AN-A0XR-01A_Xomics_specificModel,1010,0.44665788821302
TCGA-AN-A0XS-01A_Xomics_specificModel,913,0.460864372283355
TCGA-AN-A0XT-01A_Xomics_specificModel,1052,0.450245506353614
TCGA-AN-A0XU-01A_Xomics_specificModel,930,0.44266993957854
TCGA-AN-A0XV-01A_Xomics_specificModel,1071,0.468052752470221
TCGA-AN-A0XW-01A_Xomics_specificModel,721,0.405975176343589
TCGA-AO-A03L-01A_Xomics_specificModel,1383,0.44584502621554
TCGA-AO-A03M-01B_Xomics_specificModel,912,0.454032121815142
TCGA-AO-A03N-01B_Xomics_specificModel,1002,0.452761347746732
TCGA-AO-A03O-01A_Xomics_specificModel,1071,0.447712768286553
TCGA-AO-A03P-01A_Xomics_specificModel,921,0.452536954971154
TCGA-AO-A03R-01A_Xomics_specificModel,746,0.430596073688117
TCGA-AO-A03T-01A_Xomics_specificModel,1114,0.460514405017902
TCGA-AO-A03U-01B_Xomics_specificModel,900,0.456067125281271
TCGA-AO-A03V-01A_Xomics_specificModel,682,0.408783580585914
TCGA-AO-A0J2-01A_Xomics_specificModel,1141,0.439480564392483
TCGA-AO-A0J3-01A_Xomics_specificModel,754,0.437680095908007
TCGA-AO-A0J4-01A_Xomics_specificModel,1350,0.464298670621638
TCGA-AO-A0J5-01A_Xomics_specificModel,1134,0.459400769229894
TCGA-AO-A0J6-01A_Xomics_specificModel,1056,0.460414212037096
TCGA-AO-A0J7-01A_Xomics_specificModel,928,0.440606855867735
TCGA-AO-A0J8-01A_Xomics_specificModel,1092,0.448145741638889
TCGA-AO-A0J9-01A_Xomics_specificModel,987,0.447690411815498
TCGA-AO-A0JA-01A_Xomics_specificModel,868,0.433014284356299
TCGA-AO-A0JB-01A_Xomics_specificModel,1220,0.464126395435929
TCGA-AO-A0JC-01A_Xomics_specificModel,627,0.397074092397297
TCGA-AO-A0JD-01A_Xomics_specificModel,1149,0.449226763846753
TCGA-AO-A0JE-01A_Xomics_specificModel,1321,0.462877661550771
TCGA-AO-A0JF-01A_Xomics_specificModel,781,0.429180452242535
TCGA-AO-A0JG-01A_Xomics_specificModel,1129,0.46620111424564
TCGA-AO-A0JI-01A_Xomics_specificModel,1261,0.453907178514224
TCGA-AO-A0JJ-01A_Xomics_specificModel,1154,0.45010500377046
TCGA-AO-A0JL-01A_Xomics_specificModel,1124,0.443991482407876
TCGA-AO-A0JM-01A_Xomics_specificModel,961,0.461905551870333
TCGA-AO-A124-01A_Xomics_specificModel,1461,0.4633581946296
TCGA-AO-A125-01A_Xomics_specificModel,1128,0.456015013973936
TCGA-AO-A126-01A_Xomics_specificModel,1061,0.464101049547681
TCGA-AO-A128-01A_Xomics_specificModel,1284,0.468508414434689
TCGA-AO-A129-01A_Xomics_specificModel,1299,0.462212655632129
TCGA-AO-A12A-01A_Xomics_specificModel,1207,0.455529249860251
TCGA-AO-A12B-01A_Xomics_specificModel,1220,0.459006259806705
TCGA-AO-A12C-01A_Xomics_specificModel,658,0.407335712006715
TCGA-AO-A12D-01A_Xomics_specificModel,1027,0.467959390298755
TCGA-AO-A12E-01A_Xomics_specificModel,1240,0.448436186562432
TCGA-AO-A12F-01A_Xomics_specificModel,1277,0.449004220151584
TCGA-AO-A12G-01A_Xomics_specificModel,1179,0.453204274949041
TCGA-AO-A12H-01A_Xomics_specificModel,1194,0.461537782156533
TCGA-AO-A1KO-01A_Xomics_specificModel,1181,0.470228252134661
TCGA-AO-A1KP-01A_Xomics_specificModel,1071,0.46075330852628
TCGA-AO-A1KQ-01A_Xomics_specificModel,952,0.453052489345528
TCGA-AO-A1KR-01A_Xomics_specificModel,1270,0.461265844737503
TCGA-AO-A1KS-01A_Xomics_specificModel,870,0.440747711578407
TCGA-AO-A1KT-01A_Xomics_specificModel,1066,0.458529034847573
TCGA-AQ-A04H-01B_Xomics_specificModel,931,0.437316256578491
TCGA-AQ-A04J-01A_Xomics_specificModel,799,0.433466488676698
TCGA-AQ-A04L-01B_Xomics_specificModel,1279,0.454572165970462
TCGA-AQ-A0Y5-01A_Xomics_specificModel,1148,0.450133665591487
TCGA-AQ-A1H2-01A_Xomics_specificModel,1118,0.454098170607771
TCGA-AQ-A1H3-01A_Xomics_specificModel,687,0.407265993144824
TCGA-AQ-A54N-01A_Xomics_specificModel,701,0.429268141306676
TCGA-AQ-A54O-01A_Xomics_specificModel,736,0.435020016463047
TCGA-AQ-A7U7-01A_Xomics_specificModel,930,0.45537984308851
TCGA-AR-A0TP-01A_Xomics_specificModel,1181,0.469503049894779
TCGA-AR-A0TQ-01A_Xomics_specificModel,806,0.42771572974171
TCGA-AR-A0TR-01A_Xomics_specificModel,707,0.421815155305634
TCGA-AR-A0TS-01A_Xomics_specificModel,846,0.433997356524123
TCGA-AR-A0TT-01A_Xomics_specificModel,986,0.473408740368542
TCGA-AR-A0TU-01A_Xomics_specificModel,1155,0.454828471947886
TCGA-AR-A0TV-01A_Xomics_specificModel,857,0.446947573115816
TCGA-AR-A0TW-01A_Xomics_specificModel,1150,0.464104683174207
TCGA-AR-A0TX-01A_Xomics_specificModel,906,0.436900875795736
TCGA-AR-A0TY-01A_Xomics_specificModel,939,0.445768251654306
TCGA-AR-A0TZ-01A_Xomics_specificModel,1409,0.44115610702346
TCGA-AR-A0U0-01A_Xomics_specificModel,1171,0.47601886847892
TCGA-AR-A0U2-01A_Xomics_specificModel,972,0.443682094892402
TCGA-AR-A0U3-01A_Xomics_specificModel,1135,0.459834331847391
TCGA-AR-A0U4-01A_Xomics_specificModel,1043,0.423490687579103
TCGA-AR-A1AH-01A_Xomics_specificModel,916,0.445865968071933
TCGA-AR-A1AI-01A_Xomics_specificModel,908,0.46134963403542
TCGA-AR-A1AJ-01A_Xomics_specificModel,722,0.415384540567334
TCGA-AR-A1AK-01A_Xomics_specificModel,1191,0.470543590759495
TCGA-AR-A1AL-01A_Xomics_specificModel,979,0.445615721795905
TCGA-AR-A1AM-01A_Xomics_specificModel,937,0.448127765393727
TCGA-AR-A1AN-01A_Xomics_specificModel,1087,0.476692679643006
TCGA-AR-A1AO-01A_Xomics_specificModel,1170,0.470211217580028
TCGA-AR-A1AP-01A_Xomics_specificModel,1558,0.453551842833796
TCGA-AR-A1AQ-01A_Xomics_specificModel,1260,0.465142165242228
TCGA-AR-A1AR-01A_Xomics_specificModel,1517,0.447198446844366
TCGA-AR-A1AS-01A_Xomics_specificModel,1323,0.441035772208568
TCGA-AR-A1AT-01A_Xomics_specificModel,1151,0.437652487266877
TCGA-AR-A1AU-01A_Xomics_specificModel,979,0.459010702085629
TCGA-AR-A1AV-01A_Xomics_specificModel,1173,0.452443639686214
TCGA-AR-A1AW-01A_Xomics_specificModel,1256,0.463111652540284
TCGA-AR-A1AX-01A_Xomics_specificModel,1004,0.447550006164851
TCGA-AR-A1AY-01A_Xomics_specificModel,1213,0.44835617905735
TCGA-AR-A24H-01A_Xomics_specificModel,1161,0.44730234017515
TCGA-AR-A24K-01A_Xomics_specificModel,1262,0.456327397671057
TCGA-AR-A24L-01A_Xomics_specificModel,1295,0.448613915142197
TCGA-AR-A24M-01A_Xomics_specificModel,969,0.468755752444395
TCGA-AR-A24N-01A_Xomics_specificModel,988,0.442873826081732
TCGA-AR-A24O-01A_Xomics_specificModel,1070,0.447165493301044
TCGA-AR-A24P-01A_Xomics_specificModel,985,0.444340907559587
TCGA-AR-A24Q-01A_Xomics_specificModel,1118,0.44562453935402
TCGA-AR-A24R-01A_Xomics_specificModel,1033,0.457162262870345
TCGA-AR-A24S-01A_Xomics_specificModel,1421,0.471512860571507
TCGA-AR-A24T-01A_Xomics_specificModel,1071,0.455101181250882
TCGA-AR-A24U-01A_Xomics_specificModel,1138,0.46874182818818
TCGA-AR-A24V-01A_Xomics_specificModel,844,0.432628663756495
TCGA-AR-A24W-01A_Xomics_specificModel,1386,0.43870829593968
TCGA-AR-A24X-01A_Xomics_specificModel,1257,0.444743456962683
TCGA-AR-A24Z-01A_Xomics_specificModel,1197,0.448194818959136
TCGA-AR-A250-01A_Xomics_specificModel,1311,0.442300420437577
TCGA-AR-A251-01A_Xomics_specificModel,1032,0.461221937284754
TCGA-AR-A252-01A_Xomics_specificModel,1066,0.455791192734764
TCGA-AR-A254-01A_Xomics_specificModel,914,0.441565884498511
TCGA-AR-A255-01A_Xomics_specificModel,812,0.438033745107089
TCGA-AR-A256-01A_Xomics_specificModel,852,0.427209399070278
TCGA-AR-A2LE-01A_Xomics_specificModel,1418,0.449471077660642
TCGA-AR-A2LH-01A_Xomics_specificModel,868,0.454309450696593
TCGA-AR-A2LJ-01A_Xomics_specificModel,798,0.410894773145379
TCGA-AR-A2LK-01A_Xomics_specificModel,1228,0.46026409552086
TCGA-AR-A2LL-01A_Xomics_specificModel,1218,0.455371934310119
TCGA-AR-A2LM-01A_Xomics_specificModel,1363,0.46748656194883
TCGA-AR-A2LN-01A_Xomics_specificModel,1145,0.450201304203998
TCGA-AR-A2LO-01A_Xomics_specificModel,1054,0.444700675720292
TCGA-AR-A2LQ-01A_Xomics_specificModel,1019,0.458032350289539
TCGA-AR-A2LR-01A_Xomics_specificModel,986,0.431698263791489
TCGA-AR-A5QM-01A_Xomics_specificModel,652,0.414962245519891
TCGA-AR-A5QN-01A_Xomics_specificModel,1354,0.447570048313003
TCGA-AR-A5QP-01A_Xomics_specificModel,1270,0.443109360310057
TCGA-AR-A5QQ-01A_Xomics_specificModel,1275,0.441742108066638
TCGA-B6-A0I1-01A_Xomics_specificModel,1324,0.45913753626786
TCGA-B6-A0I2-01A_Xomics_specificModel,677,0.402600987491302
TCGA-B6-A0I5-01A_Xomics_specificModel,725,0.426225350141035
TCGA-B6-A0I6-01A_Xomics_specificModel,1009,0.449394167964485
TCGA-B6-A0I8-01A_Xomics_specificModel,885,0.440356311965615
TCGA-B6-A0I9-01A_Xomics_specificModel,1175,0.470680173842002
TCGA-B6-A0IA-01A_Xomics_specificModel,1056,0.448197628591542
TCGA-B6-A0IB-01A_Xomics_specificModel,904,0.447776770998576
TCGA-B6-A0IC-01A_Xomics_specificModel,925,0.45349764938904
TCGA-B6-A0IE-01A_Xomics_specificModel,1278,0.476933902504563
TCGA-B6-A0IG-01A_Xomics_specificModel,1425,0.468902782723697
TCGA-B6-A0IH-01A_Xomics_specificModel,1383,0.441136479329547
TCGA-B6-A0IJ-01A_Xomics_specificModel,1111,0.458528571149172
TCGA-B6-A0IK-01A_Xomics_specificModel,1222,0.453226625206917
TCGA-B6-A0IM-01A_Xomics_specificModel,1082,0.451906442503606
TCGA-B6-A0IN-01A_Xomics_specificModel,1208,0.461169212302529
TCGA-B6-A0IO-01A_Xomics_specificModel,1160,0.466587978491967
TCGA-B6-A0IP-01A_Xomics_specificModel,1140,0.455857421156439
TCGA-B6-A0IQ-01A_Xomics_specificModel,965,0.43983688339514
TCGA-B6-A0RE-01A_Xomics_specificModel,1342,0.449231995955123
TCGA-B6-A0RG-01A_Xomics_specificModel,1271,0.461423349208869
TCGA-B6-A0RH-01A_Xomics_specificModel,1469,0.451924091736044
TCGA-B6-A0RI-01A_Xomics_specificModel,995,0.458927727953325
TCGA-B6-A0RL-01A_Xomics_specificModel,927,0.439184457060316
TCGA-B6-A0RM-01A_Xomics_specificModel,1298,0.450479938156705
TCGA-B6-A0RN-01A_Xomics_specificModel,815,0.441936943941253
TCGA-B6-A0RO-01A_Xomics_specificModel,1141,0.447875946400788
TCGA-B6-A0RP-01A_Xomics_specificModel,1007,0.441765682666096
TCGA-B6-A0RQ-01A_Xomics_specificModel,803,0.417306466390563
TCGA-B6-A0RS-01A_Xomics_specificModel,1025,0.465329750541271
TCGA-B6-A0RT-01A_Xomics_specificModel,678,0.425860714237754
TCGA-B6-A0RU-01A_Xomics_specificModel,866,0.439148651444099
TCGA-B6-A0RV-01A_Xomics_specificModel,1185,0.47505514061034
TCGA-B6-A0WS-01A_Xomics_specificModel,1510,0.438130590387695
TCGA-B6-A0WT-01A_Xomics_specificModel,1024,0.446860029576737
TCGA-B6-A0WV-01A_Xomics_specificModel,897,0.4330912558586
TCGA-B6-A0WW-01A_Xomics_specificModel,1259,0.44683561326343
TCGA-B6-A0WX-01A_Xomics_specificModel,885,0.447458367399365
TCGA-B6-A0WY-01A_Xomics_specificModel,1108,0.461571956625269
TCGA-B6-A0WZ-01A_Xomics_specificModel,880,0.440085083784153
TCGA-B6-A0X0-01A_Xomics_specificModel,1078,0.449491988753827
TCGA-B6-A0X1-01A_Xomics_specificModel,961,0.453280828936887
TCGA-B6-A0X4-01A_Xomics_specificModel,1177,0.473914159390558
TCGA-B6-A0X5-01A_Xomics_specificModel,999,0.444539692796232
TCGA-B6-A0X7-01A_Xomics_specificModel,757,0.43475718956157
TCGA-B6-A1KC-01B_Xomics_specificModel,1285,0.468794151719031
TCGA-B6-A1KF-01A_Xomics_specificModel,1053,0.412901772411471
TCGA-B6-A1KI-01A_Xomics_specificModel,1110,0.455187183594484
TCGA-B6-A1KN-01A_Xomics_specificModel,1003,0.456075941833438
TCGA-B6-A2IU-01A_Xomics_specificModel,698,0.413641050876345
TCGA-B6-A3ZX-01A_Xomics_specificModel,868,0.449335364057017
TCGA-B6-A400-01A_Xomics_specificModel,1027,0.454065099685135
TCGA-B6-A401-01A_Xomics_specificModel,1277,0.441723856960526
TCGA-B6-A402-01A_Xomics_specificModel,1080,0.478081571876223
TCGA-B6-A408-01A_Xomics_specificModel,879,0.443505942472531
TCGA-B6-A409-01A_Xomics_specificModel,886,0.436680646143384
TCGA-B6-A40B-01A_Xomics_specificModel,962,0.426838645141901
TCGA-B6-A40C-01A_Xomics_specificModel,1203,0.459837212847688
TCGA-BH-A0AU-01A_Xomics_specificModel,1082,0.445758508841745
TCGA-BH-A0AU-11A_Xomics_specificModel,1357,0.442810721755091
TCGA-BH-A0AV-01A_Xomics_specificModel,1393,0.453520139333104
TCGA-BH-A0AW-01A_Xomics_specificModel,1220,0.457424501703126
TCGA-BH-A0AY-01A_Xomics_specificModel,1070,0.457834587717152
TCGA-BH-A0AY-11A_Xomics_specificModel,963,0.454212344924787
TCGA-BH-A0AZ-01A_Xomics_specificModel,1460,0.458641290674999
TCGA-BH-A0AZ-11A_Xomics_specificModel,1287,0.454549475354987
TCGA-BH-A0B0-01A_Xomics_specificModel,1452,0.459583415783618
TCGA-BH-A0B1-01A_Xomics_specificModel,769,0.432242808061877
TCGA-BH-A0B2-01A_Xomics_specificModel,865,0.43850727396302
TCGA-BH-A0B3-01A_Xomics_specificModel,1107,0.468482015914974
TCGA-BH-A0B3-11B_Xomics_specificModel,1081,0.454847706549452
TCGA-BH-A0B4-01A_Xomics_specificModel,919,0.450630422181007
TCGA-BH-A0B5-01A_Xomics_specificModel,542,0.36974278837669
TCGA-BH-A0B5-11A_Xomics_specificModel,1195,0.455732683621357
TCGA-BH-A0B6-01A_Xomics_specificModel,1081,0.441348664187018
TCGA-BH-A0B7-01A_Xomics_specificModel,1085,0.428708250824776
TCGA-BH-A0B7-11A_Xomics_specificModel,1109,0.444290327985112
TCGA-BH-A0B8-01A_Xomics_specificModel,984,0.455594716330175
TCGA-BH-A0B8-11A_Xomics_specificModel,957,0.463755290556879
TCGA-BH-A0B9-01A_Xomics_specificModel,1153,0.450882672855715
TCGA-BH-A0BA-01A_Xomics_specificModel,893,0.430471090847466
TCGA-BH-A0BA-11A_Xomics_specificModel,948,0.452712071632105
TCGA-BH-A0BC-01A_Xomics_specificModel,708,0.432848938797312
TCGA-BH-A0BC-11A_Xomics_specificModel,1086,0.455942616782619
TCGA-BH-A0BD-01A_Xomics_specificModel,1175,0.460834732769189
TCGA-BH-A0BF-01A_Xomics_specificModel,1068,0.455644116285753
TCGA-BH-A0BG-01A_Xomics_specificModel,1003,0.455432555359036
TCGA-BH-A0BJ-01A_Xomics_specificModel,1115,0.462960126126548
TCGA-BH-A0BJ-11A_Xomics_specificModel,1213,0.465598937867341
TCGA-BH-A0BL-01A_Xomics_specificModel,1267,0.478114288889936
TCGA-BH-A0BM-01A_Xomics_specificModel,1142,0.466959847528233
TCGA-BH-A0BM-11A_Xomics_specificModel,584,0.409993547786905
TCGA-BH-A0BO-01A_Xomics_specificModel,1162,0.429633713789769
TCGA-BH-A0BP-01A_Xomics_specificModel,1083,0.463014688088625
TCGA-BH-A0BQ-01A_Xomics_specificModel,1254,0.454647298760926
TCGA-BH-A0BQ-11A_Xomics_specificModel,1075,0.437649731223724
TCGA-BH-A0BR-01A_Xomics_specificModel,1071,0.445296466620503
TCGA-BH-A0BS-01A_Xomics_specificModel,1039,0.453410844664254
TCGA-BH-A0BS-11A_Xomics_specificModel,1212,0.44327596133457
TCGA-BH-A0BT-01A_Xomics_specificModel,1155,0.448712458879056
TCGA-BH-A0BT-11A_Xomics_specificModel,1181,0.46192323942647
TCGA-BH-A0BV-01A_Xomics_specificModel,973,0.433528622843915
TCGA-BH-A0BV-11A_Xomics_specificModel,1039,0.431844777647194
TCGA-BH-A0BW-01A_Xomics_specificModel,1450,0.441339730976211
TCGA-BH-A0BW-11A_Xomics_specificModel,1551,0.455556350413287
TCGA-BH-A0BZ-01A_Xomics_specificModel,1076,0.458139200440741
TCGA-BH-A0BZ-11A_Xomics_specificModel,1257,0.446358744581427
TCGA-BH-A0C0-01A_Xomics_specificModel,1273,0.469795320863548
TCGA-BH-A0C0-11A_Xomics_specificModel,1148,0.443222364915293
TCGA-BH-A0C1-01B_Xomics_specificModel,959,0.443818862622328
TCGA-BH-A0C3-01A_Xomics_specificModel,910,0.467737943226701
TCGA-BH-A0C3-11A_Xomics_specificModel,1235,0.442283200034274
TCGA-BH-A0C7-01B_Xomics_specificModel,749,0.446351344000812
TCGA-BH-A0DD-01A_Xomics_specificModel,1075,0.449103066287071
TCGA-BH-A0DD-11A_Xomics_specificModel,958,0.456503586561469
TCGA-BH-A0DE-01A_Xomics_specificModel,864,0.443790709450961
TCGA-BH-A0DG-01A_Xomics_specificModel,1271,0.46429860849502
TCGA-BH-A0DG-11A_Xomics_specificModel,1129,0.458799984266413
TCGA-BH-A0DH-01A_Xomics_specificModel,1352,0.455753788116333
TCGA-BH-A0DH-11A_Xomics_specificModel,1142,0.463043023302779
TCGA-BH-A0DI-01A_Xomics_specificModel,809,0.411535301906856
TCGA-BH-A0DK-01A_Xomics_specificModel,746,0.43729033938552
TCGA-BH-A0DK-11A_Xomics_specificModel,1231,0.439789809439362
TCGA-BH-A0DL-01A_Xomics_specificModel,1025,0.424618314571788
TCGA-BH-A0DL-11A_Xomics_specificModel,663,0.418987969126283
TCGA-BH-A0DO-01B_Xomics_specificModel,1297,0.438727554640632
TCGA-BH-A0DO-11A_Xomics_specificModel,1108,0.467718704157294
TCGA-BH-A0DP-01A_Xomics_specificModel,935,0.441207187832968
TCGA-BH-A0DP-11A_Xomics_specificModel,1223,0.445168761122189
TCGA-BH-A0DQ-01A_Xomics_specificModel,1226,0.448031922159075
TCGA-BH-A0DQ-11A_Xomics_specificModel,764,0.415736234716778
TCGA-BH-A0DS-01A_Xomics_specificModel,1248,0.461824645741287
TCGA-BH-A0DT-01A_Xomics_specificModel,868,0.435694666718571
TCGA-BH-A0DT-11A_Xomics_specificModel,1139,0.472469029401613
TCGA-BH-A0DV-01A_Xomics_specificModel,1172,0.45423927753638
TCGA-BH-A0DV-11A_Xomics_specificModel,1022,0.448329149356301
TCGA-BH-A0DX-01A_Xomics_specificModel,1183,0.449037922210867
TCGA-BH-A0DZ-01A_Xomics_specificModel,1152,0.443007957713006
TCGA-BH-A0DZ-11A_Xomics_specificModel,831,0.425989885534635
TCGA-BH-A0E0-01A_Xomics_specificModel,1155,0.455748388589989
TCGA-BH-A0E0-11A_Xomics_specificModel,906,0.432759165546204
TCGA-BH-A0E1-01A_Xomics_specificModel,1220,0.45684207941591
TCGA-BH-A0E1-11A_Xomics_specificModel,1101,0.472484871571261
TCGA-BH-A0E2-01A_Xomics_specificModel,1142,0.465359418954273
TCGA-BH-A0E6-01A_Xomics_specificModel,931,0.469332398287364
TCGA-BH-A0E7-01A_Xomics_specificModel,1379,0.470047941908264
TCGA-BH-A0E9-01B_Xomics_specificModel,911,0.447923207297851
TCGA-BH-A0EA-01A_Xomics_specificModel,1269,0.467528062265439
TCGA-BH-A0EB-01A_Xomics_specificModel,857,0.431937018597532
TCGA-BH-A0EE-01A_Xomics_specificModel,1201,0.473922562087168
TCGA-BH-A0EI-01A_Xomics_specificModel,1030,0.441495272078543
TCGA-BH-A0GY-01A_Xomics_specificModel,1168,0.437497255296827
TCGA-BH-A0GZ-01A_Xomics_specificModel,795,0.439008951166216
TCGA-BH-A0H0-01A_Xomics_specificModel,1231,0.450984677100695
TCGA-BH-A0H3-01A_Xomics_specificModel,1108,0.460507848027415
TCGA-BH-A0H5-01A_Xomics_specificModel,803,0.430755446724573
TCGA-BH-A0H5-11A_Xomics_specificModel,771,0.427260500621326
TCGA-BH-A0H6-01A_Xomics_specificModel,1171,0.471619947102908
TCGA-BH-A0H7-01A_Xomics_specificModel,1304,0.457442454101295
TCGA-BH-A0H7-11A_Xomics_specificModel,1262,0.463162413953894
TCGA-BH-A0H9-01A_Xomics_specificModel,1025,0.470040646411023
TCGA-BH-A0H9-11A_Xomics_specificModel,1115,0.44848282882443
TCGA-BH-A0HA-01A_Xomics_specificModel,1061,0.45652221135871
TCGA-BH-A0HA-11A_Xomics_specificModel,1328,0.460510899905426
TCGA-BH-A0HB-01A_Xomics_specificModel,1331,0.459743042505419
TCGA-BH-A0HF-01A_Xomics_specificModel,1121,0.450661793427788
TCGA-BH-A0HI-01A_Xomics_specificModel,976,0.443044198708426
TCGA-BH-A0HK-01A_Xomics_specificModel,1047,0.457783080423674
TCGA-BH-A0HK-11A_Xomics_specificModel,1070,0.441899654593454
TCGA-BH-A0HL-01A_Xomics_specificModel,902,0.447497910872595
TCGA-BH-A0HN-01A_Xomics_specificModel,1106,0.453894635838886
TCGA-BH-A0HO-01A_Xomics_specificModel,1200,0.451848506889967
TCGA-BH-A0HP-01A_Xomics_specificModel,817,0.449413447501923
TCGA-BH-A0HQ-01A_Xomics_specificModel,984,0.47558118013305
TCGA-BH-A0HU-01A_Xomics_specificModel,453,0.342406879697073
TCGA-BH-A0HW-01A_Xomics_specificModel,925,0.445627662093746
TCGA-BH-A0HX-01A_Xomics_specificModel,898,0.408302912928028
TCGA-BH-A0HY-01A_Xomics_specificModel,1122,0.465632603428502
TCGA-BH-A0RX-01A_Xomics_specificModel,1115,0.449937482567696
TCGA-BH-A0W3-01A_Xomics_specificModel,1093,0.463689031753769
TCGA-BH-A0W4-01A_Xomics_specificModel,990,0.44517082899277
TCGA-BH-A0W5-01A_Xomics_specificModel,1207,0.469671072532223
TCGA-BH-A0W7-01A_Xomics_specificModel,1546,0.467744250521382
TCGA-BH-A0WA-01A_Xomics_specificModel,595,0.404304878252402
TCGA-BH-A18F-01A_Xomics_specificModel,979,0.451905042514488
TCGA-BH-A18G-01A_Xomics_specificModel,1190,0.464260632755786
TCGA-BH-A18H-01A_Xomics_specificModel,1057,0.424159992268667
TCGA-BH-A18I-01A_Xomics_specificModel,941,0.440407848241785
TCGA-BH-A18J-01A_Xomics_specificModel,825,0.45077505595587
TCGA-BH-A18J-11A_Xomics_specificModel,1301,0.466958735700172
TCGA-BH-A18K-01A_Xomics_specificModel,1013,0.473319850471886
TCGA-BH-A18K-11A_Xomics_specificModel,1254,0.444371600214456
TCGA-BH-A18L-01A_Xomics_specificModel,1541,0.456886107244046
TCGA-BH-A18L-11A_Xomics_specificModel,1090,0.454641869648107
TCGA-BH-A18M-01A_Xomics_specificModel,1311,0.459974342690179
TCGA-BH-A18M-11A_Xomics_specificModel,1213,0.441170960340747
TCGA-BH-A18N-01A_Xomics_specificModel,1292,0.457536052583707
TCGA-BH-A18N-11A_Xomics_specificModel,1414,0.435630283994977
TCGA-BH-A18P-01A_Xomics_specificModel,1085,0.466731019030141
TCGA-BH-A18P-11A_Xomics_specificModel,1281,0.459684717996813
TCGA-BH-A18Q-01A_Xomics_specificModel,1063,0.445436207993344
TCGA-BH-A18Q-11A_Xomics_specificModel,838,0.432366183431934
TCGA-BH-A18R-01A_Xomics_specificModel,1039,0.4221564454246
TCGA-BH-A18R-11A_Xomics_specificModel,1080,0.450572004063037
TCGA-BH-A18S-01A_Xomics_specificModel,1159,0.4421969604081
TCGA-BH-A18S-11A_Xomics_specificModel,650,0.394692358290147
TCGA-BH-A18T-01A_Xomics_specificModel,1132,0.446337635131837
TCGA-BH-A18U-01A_Xomics_specificModel,1160,0.438114524995348
TCGA-BH-A18U-11A_Xomics_specificModel,1106,0.470175439297521
TCGA-BH-A18V-01A_Xomics_specificModel,833,0.43962547389544
TCGA-BH-A18V-06A_Xomics_specificModel,307,0.278571398078081
TCGA-BH-A18V-11A_Xomics_specificModel,1309,0.439957186141975
TCGA-BH-A1EN-01A_Xomics_specificModel,885,0.456314797738327
TCGA-BH-A1EN-11A_Xomics_specificModel,1126,0.461208268243151
TCGA-BH-A1EO-01A_Xomics_specificModel,1013,0.449052398939216
TCGA-BH-A1EO-11A_Xomics_specificModel,967,0.434855646993293
TCGA-BH-A1ES-01A_Xomics_specificModel,1252,0.473968170019334
TCGA-BH-A1ES-06A_Xomics_specificModel,1051,0.453071345662459
TCGA-BH-A1ET-01A_Xomics_specificModel,1166,0.457592996176902
TCGA-BH-A1ET-11B_Xomics_specificModel,1039,0.447137499219028
TCGA-BH-A1EU-01A_Xomics_specificModel,820,0.450239637015429
TCGA-BH-A1EU-11A_Xomics_specificModel,860,0.427609493507056
TCGA-BH-A1EV-01A_Xomics_specificModel,1002,0.452345530647524
TCGA-BH-A1EV-11A_Xomics_specificModel,1004,0.448977261858462
TCGA-BH-A1EW-01A_Xomics_specificModel,1131,0.448363181711368
TCGA-BH-A1EW-11B_Xomics_specificModel,1276,0.464814206049399
TCGA-BH-A1EX-01A_Xomics_specificModel,880,0.432446196266143
TCGA-BH-A1EY-01A_Xomics_specificModel,579,0.408075426575934
TCGA-BH-A1F0-01A_Xomics_specificModel,967,0.449504215837505
TCGA-BH-A1F0-11B_Xomics_specificModel,1130,0.46745581219677
TCGA-BH-A1F2-01A_Xomics_specificModel,1204,0.456103452622378
TCGA-BH-A1F2-11A_Xomics_specificModel,995,0.435268970068802
TCGA-BH-A1F5-01A_Xomics_specificModel,901,0.421793678703844
TCGA-BH-A1F6-01A_Xomics_specificModel,818,0.443146921601469
TCGA-BH-A1F6-11B_Xomics_specificModel,833,0.450110624593954
TCGA-BH-A1F8-01A_Xomics_specificModel,990,0.464796723917566
TCGA-BH-A1F8-11B_Xomics_specificModel,802,0.43901250703516
TCGA-BH-A1FB-01A_Xomics_specificModel,746,0.443183658172403
TCGA-BH-A1FB-11A_Xomics_specificModel,1227,0.466888713284424
TCGA-BH-A1FC-01A_Xomics_specificModel,1204,0.434483156248589
TCGA-BH-A1FC-11A_Xomics_specificModel,801,0.445053056062181
TCGA-BH-A1FD-01A_Xomics_specificModel,1021,0.452451691924126
TCGA-BH-A1FD-11B_Xomics_specificModel,1272,0.467289629232523
TCGA-BH-A1FE-01A_Xomics_specificModel,1234,0.450607119607891
TCGA-BH-A1FE-06A_Xomics_specificModel,1023,0.45333761625019
TCGA-BH-A1FE-11B_Xomics_specificModel,1015,0.470028611243753
TCGA-BH-A1FG-01A_Xomics_specificModel,1144,0.475189724669382
TCGA-BH-A1FG-11B_Xomics_specificModel,1185,0.455441856861209
TCGA-BH-A1FH-01A_Xomics_specificModel,1174,0.461192404794788
TCGA-BH-A1FH-11B_Xomics_specificModel,1005,0.456517458771064
TCGA-BH-A1FJ-01A_Xomics_specificModel,977,0.452741893101892
TCGA-BH-A1FJ-11B_Xomics_specificModel,1295,0.456919640661649
TCGA-BH-A1FL-01A_Xomics_specificModel,1102,0.448108941362971
TCGA-BH-A1FM-01A_Xomics_specificModel,1133,0.485549742258621
TCGA-BH-A1FM-11B_Xomics_specificModel,1076,0.452644533062063
TCGA-BH-A1FN-01A_Xomics_specificModel,1089,0.443585159920701
TCGA-BH-A1FN-11A_Xomics_specificModel,1059,0.473713801095029
TCGA-BH-A1FR-01A_Xomics_specificModel,1127,0.454962804852714
TCGA-BH-A1FR-11B_Xomics_specificModel,964,0.444413076214101
TCGA-BH-A1FU-01A_Xomics_specificModel,1209,0.457661462273795
TCGA-BH-A1FU-11A_Xomics_specificModel,899,0.456447392933772
TCGA-BH-A201-01A_Xomics_specificModel,910,0.447302804063557
TCGA-BH-A202-01A_Xomics_specificModel,1003,0.456238478297466
TCGA-BH-A203-01A_Xomics_specificModel,823,0.449916404793075
TCGA-BH-A203-11A_Xomics_specificModel,970,0.462426580272214
TCGA-BH-A204-01A_Xomics_specificModel,1169,0.451109892790122
TCGA-BH-A204-11A_Xomics_specificModel,1240,0.46884880142842
TCGA-BH-A208-01A_Xomics_specificModel,872,0.460236318495931
TCGA-BH-A208-11A_Xomics_specificModel,858,0.446031275130736
TCGA-BH-A209-01A_Xomics_specificModel,821,0.428050689457235
TCGA-BH-A209-11A_Xomics_specificModel,944,0.446966245415961
TCGA-BH-A28O-01A_Xomics_specificModel,1085,0.439090380693762
TCGA-BH-A28Q-01A_Xomics_specificModel,784,0.440105878039485
TCGA-BH-A2L8-01A_Xomics_specificModel,1364,0.465976901032848
TCGA-BH-A42T-01A_Xomics_specificModel,1222,0.467031059100435
TCGA-BH-A42U-01A_Xomics_specificModel,1093,0.456793440133888
TCGA-BH-A42V-01A_Xomics_specificModel,981,0.46353155730524
TCGA-BH-A5IZ-01A_Xomics_specificModel,874,0.422507795548183
TCGA-BH-A5J0-01A_Xomics_specificModel,957,0.432949905105353
TCGA-BH-A6R8-01A_Xomics_specificModel,1032,0.465400259435857
TCGA-BH-A6R9-01A_Xomics_specificModel,1322,0.468895618549873
TCGA-BH-A8FY-01A_Xomics_specificModel,1157,0.449637729852865
TCGA-BH-A8FZ-01A_Xomics_specificModel,1005,0.462732809573506
TCGA-BH-A8G0-01A_Xomics_specificModel,1208,0.439807948942089
TCGA-BH-AB28-01A_Xomics_specificModel,1330,0.458209819553759
TCGA-C8-A12K-01A_Xomics_specificModel,593,0.385381505441901
TCGA-C8-A12L-01A_Xomics_specificModel,1347,0.458668614850693
TCGA-C8-A12M-01A_Xomics_specificModel,1103,0.463014699776239
TCGA-C8-A12N-01A_Xomics_specificModel,880,0.458366915630441
TCGA-C8-A12O-01A_Xomics_specificModel,916,0.452836087998941
TCGA-C8-A12P-01A_Xomics_specificModel,919,0.424394477482011
TCGA-C8-A12Q-01A_Xomics_specificModel,896,0.438376558788496
TCGA-C8-A12T-01A_Xomics_specificModel,1300,0.454570512700682
TCGA-C8-A12U-01A_Xomics_specificModel,1198,0.465809261984623
TCGA-C8-A12V-01A_Xomics_specificModel,1060,0.467462116627944
TCGA-C8-A12W-01A_Xomics_specificModel,956,0.446722089329105
TCGA-C8-A12X-01A_Xomics_specificModel,1011,0.467554795794678
TCGA-C8-A12Y-01A_Xomics_specificModel,885,0.44422556829277
TCGA-C8-A12Z-01A_Xomics_specificModel,1192,0.466244552967682
TCGA-C8-A130-01A_Xomics_specificModel,1091,0.460706985616559
TCGA-C8-A131-01A_Xomics_specificModel,1389,0.464130602889367
TCGA-C8-A132-01A_Xomics_specificModel,1110,0.449091596028988
TCGA-C8-A133-01A_Xomics_specificModel,977,0.44258732703176
TCGA-C8-A134-01A_Xomics_specificModel,716,0.420123588319995
TCGA-C8-A135-01A_Xomics_specificModel,1158,0.473336508108369
TCGA-C8-A137-01A_Xomics_specificModel,919,0.451016103955948
TCGA-C8-A138-01A_Xomics_specificModel,990,0.449628098885944
TCGA-C8-A1HE-01A_Xomics_specificModel,1108,0.429383643065935
TCGA-C8-A1HF-01A_Xomics_specificModel,1319,0.453148565134859
TCGA-C8-A1HG-01A_Xomics_specificModel,865,0.444488933044514
TCGA-C8-A1HI-01A_Xomics_specificModel,1151,0.458083357444307
TCGA-C8-A1HJ-01A_Xomics_specificModel,835,0.458620899896368
TCGA-C8-A1HK-01A_Xomics_specificModel,1033,0.459621129212447
TCGA-C8-A1HL-01A_Xomics_specificModel,975,0.44548304167423
TCGA-C8-A1HM-01A_Xomics_specificModel,1089,0.469178612480084
TCGA-C8-A1HN-01A_Xomics_specificModel,949,0.431803515643151
TCGA-C8-A1HO-01A_Xomics_specificModel,642,0.405477202697447
TCGA-C8-A26V-01A_Xomics_specificModel,1344,0.464568059328708
TCGA-C8-A26W-01A_Xomics_specificModel,1033,0.416734106955678
TCGA-C8-A26X-01A_Xomics_specificModel,1025,0.459501815340834
TCGA-C8-A26Y-01A_Xomics_specificModel,875,0.44805983921573
TCGA-C8-A26Z-01A_Xomics_specificModel,812,0.431263674602564
TCGA-C8-A273-01A_Xomics_specificModel,1085,0.470178587487287
TCGA-C8-A274-01A_Xomics_specificModel,697,0.417925071355202
TCGA-C8-A275-01A_Xomics_specificModel,1271,0.45045735456569
TCGA-C8-A278-01A_Xomics_specificModel,1185,0.478453037093913
TCGA-C8-A27A-01A_Xomics_specificModel,767,0.437697478782508
TCGA-C8-A27B-01A_Xomics_specificModel,986,0.466414022167872
TCGA-C8-A3M7-01A_Xomics_specificModel,974,0.475289299308733
TCGA-C8-A3M8-01A_Xomics_specificModel,1344,0.453732515796292
TCGA-C8-A8HP-01A_Xomics_specificModel,816,0.424446576440915
TCGA-C8-A8HQ-01A_Xomics_specificModel,1030,0.458841466671928
TCGA-C8-A8HR-01A_Xomics_specificModel,1126,0.451020921354982
TCGA-D8-A13Y-01A_Xomics_specificModel,1330,0.461823187782289
TCGA-D8-A13Z-01A_Xomics_specificModel,1161,0.455324377086923
TCGA-D8-A140-01A_Xomics_specificModel,1306,0.455350820940685
TCGA-D8-A141-01A_Xomics_specificModel,1261,0.442622477805356
TCGA-D8-A142-01A_Xomics_specificModel,1518,0.446924034855105
TCGA-D8-A143-01A_Xomics_specificModel,1258,0.444896480150796
TCGA-D8-A145-01A_Xomics_specificModel,1149,0.459387978425203
TCGA-D8-A146-01A_Xomics_specificModel,1276,0.467059991310395
TCGA-D8-A147-01A_Xomics_specificModel,1105,0.421993622551309
TCGA-D8-A1J8-01A_Xomics_specificModel,695,0.412328699741353
TCGA-D8-A1J9-01A_Xomics_specificModel,1367,0.463231039265571
TCGA-D8-A1JA-01A_Xomics_specificModel,1368,0.450764051656351
TCGA-D8-A1JB-01A_Xomics_specificModel,934,0.440912241176585
TCGA-D8-A1JC-01A_Xomics_specificModel,1178,0.445299849972358
TCGA-D8-A1JD-01A_Xomics_specificModel,720,0.403479813186109
TCGA-D8-A1JE-01A_Xomics_specificModel,774,0.431187755240071
TCGA-D8-A1JF-01A_Xomics_specificModel,1246,0.456836702180431
TCGA-D8-A1JG-01B_Xomics_specificModel,1079,0.460210755430131
TCGA-D8-A1JH-01A_Xomics_specificModel,1031,0.41947661070224
TCGA-D8-A1JI-01A_Xomics_specificModel,1042,0.459694907332202
TCGA-D8-A1JJ-01A_Xomics_specificModel,903,0.456799049968735
TCGA-D8-A1JK-01A_Xomics_specificModel,939,0.455979755561533
TCGA-D8-A1JL-01A_Xomics_specificModel,1152,0.439425468834049
TCGA-D8-A1JM-01A_Xomics_specificModel,1190,0.450728950362395
TCGA-D8-A1JN-01A_Xomics_specificModel,1065,0.456715911831552
TCGA-D8-A1JP-01A_Xomics_specificModel,1116,0.447158727816249
TCGA-D8-A1JS-01A_Xomics_specificModel,1404,0.464957601711337
TCGA-D8-A1JT-01A_Xomics_specificModel,938,0.441964111510913
TCGA-D8-A1JU-01A_Xomics_specificModel,1022,0.460420220330279
TCGA-D8-A1X5-01A_Xomics_specificModel,1236,0.461881449508057
TCGA-D8-A1X6-01A_Xomics_specificModel,758,0.425042463005049
TCGA-D8-A1X7-01A_Xomics_specificModel,981,0.419095175322881
TCGA-D8-A1X8-01A_Xomics_specificModel,1185,0.463752781548095
TCGA-D8-A1X9-01A_Xomics_specificModel,470,0.359634853307069
TCGA-D8-A1XA-01A_Xomics_specificModel,1138,0.463339369069383
TCGA-D8-A1XB-01A_Xomics_specificModel,1117,0.454691872109042
TCGA-D8-A1XC-01A_Xomics_specificModel,999,0.46540723237162
TCGA-D8-A1XD-01A_Xomics_specificModel,1471,0.45600226320404
TCGA-D8-A1XF-01A_Xomics_specificModel,253,0.270332690041306
TCGA-D8-A1XG-01A_Xomics_specificModel,1396,0.461388146097367
TCGA-D8-A1XJ-01A_Xomics_specificModel,1201,0.459422028925752
TCGA-D8-A1XK-01A_Xomics_specificModel,1002,0.475860977332686
TCGA-D8-A1XL-01A_Xomics_specificModel,1454,0.465651920350349
TCGA-D8-A1XM-01A_Xomics_specificModel,920,0.411588981738663
TCGA-D8-A1XO-01A_Xomics_specificModel,775,0.413441459608708
TCGA-D8-A1XQ-01A_Xomics_specificModel,1403,0.43648964845769
TCGA-D8-A1XR-01A_Xomics_specificModel,1105,0.464774519214253
TCGA-D8-A1XS-01A_Xomics_specificModel,556,0.373159079782474
TCGA-D8-A1XT-01A_Xomics_specificModel,1172,0.462211659719867
TCGA-D8-A1XU-01A_Xomics_specificModel,1075,0.455330082469123
TCGA-D8-A1XV-01A_Xomics_specificModel,853,0.438043597130957
TCGA-D8-A1XW-01A_Xomics_specificModel,692,0.420335800839816
TCGA-D8-A1XY-01A_Xomics_specificModel,1416,0.436780695942442
TCGA-D8-A1XZ-01A_Xomics_specificModel,969,0.452718526075799
TCGA-D8-A1Y0-01A_Xomics_specificModel,1088,0.437830939754809
TCGA-D8-A1Y1-01A_Xomics_specificModel,1088,0.447452382858997
TCGA-D8-A1Y2-01A_Xomics_specificModel,1070,0.447193789378971
TCGA-D8-A1Y3-01A_Xomics_specificModel,900,0.4370637563795
TCGA-D8-A27E-01A_Xomics_specificModel,1367,0.448881327145992
TCGA-D8-A27F-01A_Xomics_specificModel,1050,0.453639682510683
TCGA-D8-A27G-01A_Xomics_specificModel,1219,0.444996715652589
TCGA-D8-A27H-01A_Xomics_specificModel,950,0.444707003639703
TCGA-D8-A27I-01A_Xomics_specificModel,1026,0.442175449902097
TCGA-D8-A27K-01A_Xomics_specificModel,1164,0.456345894322133
TCGA-D8-A27L-01A_Xomics_specificModel,945,0.456982600188194
TCGA-D8-A27M-01A_Xomics_specificModel,965,0.443882040743452
TCGA-D8-A27N-01A_Xomics_specificModel,1243,0.473110034112674
TCGA-D8-A27P-01A_Xomics_specificModel,1144,0.459556511582045
TCGA-D8-A27R-01A_Xomics_specificModel,1099,0.45637755847991
TCGA-D8-A27T-01A_Xomics_specificModel,1161,0.470192492885028
TCGA-D8-A27V-01A_Xomics_specificModel,706,0.403987515931522
TCGA-D8-A27W-01A_Xomics_specificModel,945,0.433314344010027
TCGA-D8-A3Z5-01A_Xomics_specificModel,873,0.433670388234855
TCGA-D8-A3Z6-01A_Xomics_specificModel,870,0.427930356206572
TCGA-D8-A4Z1-01A_Xomics_specificModel,836,0.442488518909959
TCGA-D8-A73U-01A_Xomics_specificModel,888,0.424292899267322
TCGA-D8-A73W-01A_Xomics_specificModel,1299,0.437421663412439
TCGA-D8-A73X-01A_Xomics_specificModel,1075,0.465669343368986
TCGA-E2-A105-01A_Xomics_specificModel,910,0.445302005284403
TCGA-E2-A106-01A_Xomics_specificModel,1389,0.444805340824182
TCGA-E2-A107-01A_Xomics_specificModel,1082,0.427634798652734
TCGA-E2-A108-01A_Xomics_specificModel,1469,0.446976277815044
TCGA-E2-A109-01A_Xomics_specificModel,918,0.436702506378501
TCGA-E2-A10A-01A_Xomics_specificModel,1152,0.455517635757371
TCGA-E2-A10B-01A_Xomics_specificModel,1196,0.454357427617391
TCGA-E2-A10C-01A_Xomics_specificModel,1119,0.444674392703636
TCGA-E2-A10E-01A_Xomics_specificModel,765,0.42696630353887
TCGA-E2-A10F-01A_Xomics_specificModel,1217,0.464709028379623
TCGA-E2-A14N-01A_Xomics_specificModel,1200,0.453981346759451
TCGA-E2-A14O-01A_Xomics_specificModel,1121,0.449997955620692
TCGA-E2-A14P-01A_Xomics_specificModel,1163,0.422608035735744
TCGA-E2-A14Q-01A_Xomics_specificModel,1132,0.444226231302509
TCGA-E2-A14R-01A_Xomics_specificModel,975,0.449037416675658
TCGA-E2-A14S-01A_Xomics_specificModel,1033,0.447967893239807
TCGA-E2-A14T-01A_Xomics_specificModel,1106,0.45399065182644
TCGA-E2-A14U-01A_Xomics_specificModel,864,0.432557489776924
TCGA-E2-A14V-01A_Xomics_specificModel,1243,0.43352788355757
TCGA-E2-A14W-01A_Xomics_specificModel,756,0.438569411596276
TCGA-E2-A14X-01A_Xomics_specificModel,768,0.431349625748896
TCGA-E2-A14Y-01A_Xomics_specificModel,1058,0.469928906682209
TCGA-E2-A14Z-01A_Xomics_specificModel,1107,0.454095874760985
TCGA-E2-A150-01A_Xomics_specificModel,1183,0.45540432690395
TCGA-E2-A152-01A_Xomics_specificModel,1160,0.461930088415855
TCGA-E2-A153-01A_Xomics_specificModel,1678,0.451932985117641
TCGA-E2-A153-11A_Xomics_specificModel,1423,0.460581749548134
TCGA-E2-A154-01A_Xomics_specificModel,1202,0.45641583394625
TCGA-E2-A155-01A_Xomics_specificModel,1177,0.448110606955924
TCGA-E2-A156-01A_Xomics_specificModel,996,0.462758317252052
TCGA-E2-A158-01A_Xomics_specificModel,1337,0.449499265104624
TCGA-E2-A158-11A_Xomics_specificModel,1028,0.458385612224102
TCGA-E2-A159-01A_Xomics_specificModel,1180,0.470658606825775
TCGA-E2-A15A-01A_Xomics_specificModel,1017,0.435179752612647
TCGA-E2-A15A-06A_Xomics_specificModel,1090,0.426478141736478
TCGA-E2-A15C-01A_Xomics_specificModel,1097,0.456734937743316
TCGA-E2-A15D-01A_Xomics_specificModel,956,0.443044801250813
TCGA-E2-A15E-01A_Xomics_specificModel,1129,0.457485503980514
TCGA-E2-A15E-06A_Xomics_specificModel,1225,0.468387789396637
TCGA-E2-A15F-01A_Xomics_specificModel,964,0.453464016458931
TCGA-E2-A15G-01A_Xomics_specificModel,1236,0.450324485452744
TCGA-E2-A15H-01A_Xomics_specificModel,986,0.437892057597686
TCGA-E2-A15I-01A_Xomics_specificModel,1238,0.460584511486028
TCGA-E2-A15I-11A_Xomics_specificModel,1016,0.433530553400647
TCGA-E2-A15J-01A_Xomics_specificModel,1030,0.43373573125276
TCGA-E2-A15K-01A_Xomics_specificModel,1549,0.447089821357858
TCGA-E2-A15K-06A_Xomics_specificModel,1207,0.459689621539781
TCGA-E2-A15K-11A_Xomics_specificModel,1042,0.431870649836801
TCGA-E2-A15L-01A_Xomics_specificModel,943,0.443712269054235
TCGA-E2-A15M-01A_Xomics_specificModel,1480,0.453955004369073
TCGA-E2-A15M-11A_Xomics_specificModel,990,0.440786114009291
TCGA-E2-A15O-01A_Xomics_specificModel,1298,0.442200891759908
TCGA-E2-A15P-01A_Xomics_specificModel,1102,0.447863800963341
TCGA-E2-A15R-01A_Xomics_specificModel,750,0.420489614048697
TCGA-E2-A15S-01A_Xomics_specificModel,1361,0.471664432800467
TCGA-E2-A15T-01A_Xomics_specificModel,1289,0.465526715166109
TCGA-E2-A1AZ-01A_Xomics_specificModel,1112,0.451188247664675
TCGA-E2-A1B0-01A_Xomics_specificModel,1372,0.463556862298707
TCGA-E2-A1B1-01A_Xomics_specificModel,1269,0.46809704696011
TCGA-E2-A1B4-01A_Xomics_specificModel,1112,0.440734124231714
TCGA-E2-A1B5-01A_Xomics_specificModel,1047,0.460701569440124
TCGA-E2-A1B6-01A_Xomics_specificModel,1388,0.439636753313179
TCGA-E2-A1BC-01A_Xomics_specificModel,1006,0.439611419750257
TCGA-E2-A1BC-11A_Xomics_specificModel,791,0.421106862309299
TCGA-E2-A1BD-01A_Xomics_specificModel,1076,0.451757208681491
TCGA-E2-A1IE-01A_Xomics_specificModel,885,0.429137686614126
TCGA-E2-A1IF-01A_Xomics_specificModel,1062,0.465077475804485
TCGA-E2-A1IG-01A_Xomics_specificModel,1211,0.455897817020806
TCGA-E2-A1IG-11A_Xomics_specificModel,1226,0.455795873770374
TCGA-E2-A1IH-01A_Xomics_specificModel,1144,0.457386069296582
TCGA-E2-A1II-01A_Xomics_specificModel,1396,0.446493371806783
TCGA-E2-A1IJ-01A_Xomics_specificModel,953,0.456991159955006
TCGA-E2-A1IK-01A_Xomics_specificModel,908,0.466632788219584
TCGA-E2-A1IL-01A_Xomics_specificModel,1132,0.472512932587629
TCGA-E2-A1IN-01A_Xomics_specificModel,1049,0.471856915948154
TCGA-E2-A1IO-01A_Xomics_specificModel,1221,0.433768392956279
TCGA-E2-A1IU-01A_Xomics_specificModel,1231,0.429680922046483
TCGA-E2-A1L6-01A_Xomics_specificModel,1351,0.462078503065928
TCGA-E2-A1L7-01A_Xomics_specificModel,978,0.455358749428935
TCGA-E2-A1L7-11A_Xomics_specificModel,1025,0.454931734692796
TCGA-E2-A1L8-01A_Xomics_specificModel,823,0.400896333922027
TCGA-E2-A1L9-01A_Xomics_specificModel,1307,0.44444959402736
TCGA-E2-A1LA-01A_Xomics_specificModel,1323,0.471337096408492
TCGA-E2-A1LB-01A_Xomics_specificModel,1116,0.46190710548816
TCGA-E2-A1LB-11A_Xomics_specificModel,1044,0.460107903892879
TCGA-E2-A1LE-01A_Xomics_specificModel,1183,0.452511289380856
TCGA-E2-A1LG-01A_Xomics_specificModel,916,0.446931037669938
TCGA-E2-A1LH-01A_Xomics_specificModel,1192,0.460214882662874
TCGA-E2-A1LH-11A_Xomics_specificModel,1158,0.461556229810395
TCGA-E2-A1LI-01A_Xomics_specificModel,960,0.434206836597465
TCGA-E2-A1LK-01A_Xomics_specificModel,1093,0.454485206319126
TCGA-E2-A1LL-01A_Xomics_specificModel,994,0.427067082056645
TCGA-E2-A1LS-01A_Xomics_specificModel,1016,0.460513082088313
TCGA-E2-A1LS-11A_Xomics_specificModel,980,0.441472187477669
TCGA-E2-A2P5-01A_Xomics_specificModel,1067,0.458466580184474
TCGA-E2-A2P6-01A_Xomics_specificModel,896,0.453212704272185
TCGA-E2-A3DX-01A_Xomics_specificModel,928,0.445975001328988
TCGA-E2-A56Z-01A_Xomics_specificModel,1034,0.463133970399404
TCGA-E2-A570-01A_Xomics_specificModel,1075,0.461545026927569
TCGA-E2-A572-01A_Xomics_specificModel,998,0.434825566902298
TCGA-E2-A573-01A_Xomics_specificModel,682,0.414150550412479
TCGA-E2-A574-01A_Xomics_specificModel,940,0.438978739751367
TCGA-E2-A576-01A_Xomics_specificModel,1507,0.455157690084487
TCGA-E2-A9RU-01A_Xomics_specificModel,765,0.420728370188739
TCGA-E9-A1N3-01A_Xomics_specificModel,889,0.428808270140529
TCGA-E9-A1N4-01A_Xomics_specificModel,1460,0.467428798239638
TCGA-E9-A1N4-11A_Xomics_specificModel,982,0.46883675482279
TCGA-E9-A1N5-01A_Xomics_specificModel,984,0.432006459084707
TCGA-E9-A1N5-11A_Xomics_specificModel,1441,0.448684739047979
TCGA-E9-A1N6-01A_Xomics_specificModel,1077,0.458047593142088
TCGA-E9-A1N6-11A_Xomics_specificModel,1037,0.436907278876582
TCGA-E9-A1N8-01A_Xomics_specificModel,920,0.39311012302063
TCGA-E9-A1N9-01A_Xomics_specificModel,633,0.397342012763953
TCGA-E9-A1N9-11A_Xomics_specificModel,1067,0.454959336121563
TCGA-E9-A1NA-01A_Xomics_specificModel,1297,0.457402208372277
TCGA-E9-A1NA-11A_Xomics_specificModel,1023,0.438948544182583
TCGA-E9-A1NC-01A_Xomics_specificModel,1179,0.45784818830479
TCGA-E9-A1ND-01A_Xomics_specificModel,1092,0.464175707141995
TCGA-E9-A1ND-11A_Xomics_specificModel,772,0.408124018463385
TCGA-E9-A1NE-01A_Xomics_specificModel,1301,0.457867468346458
TCGA-E9-A1NF-01A_Xomics_specificModel,1169,0.46320977546746
TCGA-E9-A1NF-11A_Xomics_specificModel,893,0.4336003606188
TCGA-E9-A1NG-01A_Xomics_specificModel,1095,0.445063832539188
TCGA-E9-A1NG-11A_Xomics_specificModel,1017,0.446930728021211
TCGA-E9-A1NH-01A_Xomics_specificModel,1324,0.460810260249165
TCGA-E9-A1NI-01A_Xomics_specificModel,942,0.43027235876095
TCGA-E9-A1QZ-01A_Xomics_specificModel,991,0.444974130523493
TCGA-E9-A1R0-01A_Xomics_specificModel,1001,0.462165433470223
TCGA-E9-A1R2-01A_Xomics_specificModel,993,0.432115078215382
TCGA-E9-A1R3-01A_Xomics_specificModel,1276,0.458768080144196
TCGA-E9-A1R4-01A_Xomics_specificModel,1139,0.448004926487894
TCGA-E9-A1R5-01A_Xomics_specificModel,920,0.444673548319941
TCGA-E9-A1R6-01A_Xomics_specificModel,1101,0.456485165718699
TCGA-E9-A1R7-01A_Xomics_specificModel,1198,0.465775611973412
TCGA-E9-A1R7-11A_Xomics_specificModel,741,0.390266603656073
TCGA-E9-A1RA-01A_Xomics_specificModel,1098,0.44708567050319
TCGA-E9-A1RB-01A_Xomics_specificModel,1044,0.451674115419365
TCGA-E9-A1RB-11A_Xomics_specificModel,1143,0.436873265450747
TCGA-E9-A1RC-01A_Xomics_specificModel,1567,0.444845582049371
TCGA-E9-A1RC-11A_Xomics_specificModel,852,0.438259318506743
TCGA-E9-A1RD-01A_Xomics_specificModel,954,0.454622680738807
TCGA-E9-A1RD-11A_Xomics_specificModel,1067,0.453939250472434
TCGA-E9-A1RE-01A_Xomics_specificModel,1196,0.434222781942555
TCGA-E9-A1RF-01A_Xomics_specificModel,1194,0.455435744999433
TCGA-E9-A1RF-11A_Xomics_specificModel,1386,0.434627080438875
TCGA-E9-A1RG-01A_Xomics_specificModel,1361,0.454484303756412
TCGA-E9-A1RH-01A_Xomics_specificModel,569,0.388513328525316
TCGA-E9-A1RH-11A_Xomics_specificModel,1200,0.456844502772315
TCGA-E9-A1RI-01A_Xomics_specificModel,873,0.442483354034599
TCGA-E9-A1RI-11A_Xomics_specificModel,1224,0.467429807936288
TCGA-E9-A226-01A_Xomics_specificModel,910,0.451986677885951
TCGA-E9-A227-01A_Xomics_specificModel,883,0.443692236452272
TCGA-E9-A228-01A_Xomics_specificModel,851,0.422121488421666
TCGA-E9-A229-01A_Xomics_specificModel,1174,0.41743693058705
TCGA-E9-A22A-01A_Xomics_specificModel,905,0.449646631669868
TCGA-E9-A22B-01A_Xomics_specificModel,1000,0.45860852685525
TCGA-E9-A22D-01A_Xomics_specificModel,805,0.408066166110683
TCGA-E9-A22E-01A_Xomics_specificModel,914,0.441046432607305
TCGA-E9-A22G-01A_Xomics_specificModel,987,0.46527609973232
TCGA-E9-A22H-01A_Xomics_specificModel,940,0.394517158989906
TCGA-E9-A243-01A_Xomics_specificModel,1091,0.459760357402554
TCGA-E9-A244-01A_Xomics_specificModel,905,0.440888891878073
TCGA-E9-A245-01A_Xomics_specificModel,1073,0.447842883377661
TCGA-E9-A247-01A_Xomics_specificModel,585,0.396579940291279
TCGA-E9-A248-01A_Xomics_specificModel,841,0.41486798056592
TCGA-E9-A249-01A_Xomics_specificModel,975,0.4413788080867
TCGA-E9-A24A-01A_Xomics_specificModel,1082,0.442446818707716
TCGA-E9-A295-01A_Xomics_specificModel,966,0.454829713277318
TCGA-E9-A2JS-01A_Xomics_specificModel,1167,0.45008677625884
TCGA-E9-A2JT-01A_Xomics_specificModel,960,0.473370903567292
TCGA-E9-A3HO-01A_Xomics_specificModel,1202,0.456159105723251
TCGA-E9-A3Q9-01A_Xomics_specificModel,1257,0.469974502082622
TCGA-E9-A3QA-01A_Xomics_specificModel,874,0.435157836684463
TCGA-E9-A3X8-01A_Xomics_specificModel,1194,0.443712074320905
TCGA-E9-A54X-01A_Xomics_specificModel,603,0.413071493487764
TCGA-E9-A54Y-01A_Xomics_specificModel,1028,0.453984391276909
TCGA-E9-A5FK-01A_Xomics_specificModel,1327,0.468211653495279
TCGA-E9-A5FL-01A_Xomics_specificModel,1310,0.462999458923929
TCGA-E9-A5UO-01A_Xomics_specificModel,1114,0.465422040497941
TCGA-E9-A5UP-01A_Xomics_specificModel,1070,0.441582656623428
TCGA-E9-A6HE-01A_Xomics_specificModel,1010,0.452134137925927
TCGA-EW-A1IW-01A_Xomics_specificModel,870,0.421395794162173
TCGA-EW-A1IX-01A_Xomics_specificModel,1114,0.458644268240069
TCGA-EW-A1IY-01A_Xomics_specificModel,1321,0.465102821780393
TCGA-EW-A1IZ-01A_Xomics_specificModel,840,0.446250997357515
TCGA-EW-A1J1-01A_Xomics_specificModel,1007,0.456909481639685
TCGA-EW-A1J2-01A_Xomics_specificModel,1066,0.45666701283819
TCGA-EW-A1J3-01A_Xomics_specificModel,1098,0.437087237783933
TCGA-EW-A1J5-01A_Xomics_specificModel,1297,0.461523366294091
TCGA-EW-A1J6-01A_Xomics_specificModel,784,0.449331998489302
TCGA-EW-A1OV-01A_Xomics_specificModel,1262,0.4534749000117
TCGA-EW-A1OW-01A_Xomics_specificModel,1045,0.43781826816601
TCGA-EW-A1OX-01A_Xomics_specificModel,666,0.400979517724791
TCGA-EW-A1OY-01A_Xomics_specificModel,1341,0.434363004136872
TCGA-EW-A1OZ-01A_Xomics_specificModel,1220,0.470672993033714
TCGA-EW-A1P0-01A_Xomics_specificModel,1267,0.450228117918037
TCGA-EW-A1P1-01A_Xomics_specificModel,762,0.427347016742122
TCGA-EW-A1P3-01A_Xomics_specificModel,783,0.426630139715042
TCGA-EW-A1P4-01A_Xomics_specificModel,1011,0.45465549797079
TCGA-EW-A1P5-01A_Xomics_specificModel,1208,0.443979488844685
TCGA-EW-A1P6-01A_Xomics_specificModel,1009,0.447461555281753
TCGA-EW-A1P7-01A_Xomics_specificModel,642,0.404962826655427
TCGA-EW-A1P8-01A_Xomics_specificModel,1025,0.446879633502353
TCGA-EW-A1PA-01A_Xomics_specificModel,1104,0.458111132739287
TCGA-EW-A1PB-01A_Xomics_specificModel,1516,0.464213136614577
TCGA-EW-A1PC-01B_Xomics_specificModel,1163,0.452436404285861
TCGA-EW-A1PD-01A_Xomics_specificModel,1193,0.453210345525191
TCGA-EW-A1PE-01A_Xomics_specificModel,608,0.39665142712128
TCGA-EW-A1PF-01A_Xomics_specificModel,1140,0.430687934050576
TCGA-EW-A1PG-01A_Xomics_specificModel,1186,0.461226199323897
TCGA-EW-A1PH-01A_Xomics_specificModel,956,0.434935015134268
TCGA-EW-A2FR-01A_Xomics_specificModel,1084,0.447081234241821
TCGA-EW-A2FS-01A_Xomics_specificModel,1196,0.451846226610581
TCGA-EW-A2FV-01A_Xomics_specificModel,1123,0.464487610845476
TCGA-EW-A2FW-01A_Xomics_specificModel,972,0.463161220663935
TCGA-EW-A3E8-01B_Xomics_specificModel,754,0.436156153804622
TCGA-EW-A3U0-01A_Xomics_specificModel,1046,0.427941559903354
TCGA-EW-A423-01A_Xomics_specificModel,1448,0.453826072124519
TCGA-EW-A424-01A_Xomics_specificModel,1297,0.455826716940007
TCGA-EW-A6S9-01A_Xomics_specificModel,1168,0.449793568611559
TCGA-EW-A6SA-01A_Xomics_specificModel,1315,0.474184131261153
TCGA-EW-A6SB-01A_Xomics_specificModel,1409,0.441276095328561
TCGA-EW-A6SC-01A_Xomics_specificModel,1097,0.465871140336756
TCGA-EW-A6SD-01A_Xomics_specificModel,1212,0.44173500790649
TCGA-GI-A2C8-01A_Xomics_specificModel,1228,0.436932139763525
TCGA-GI-A2C8-11A_Xomics_specificModel,1406,0.43928222102914
TCGA-GI-A2C9-01A_Xomics_specificModel,939,0.453117965277335
TCGA-GI-A2C9-11A_Xomics_specificModel,907,0.451006981216173
TCGA-GM-A2D9-01A_Xomics_specificModel,798,0.439671931129448
TCGA-GM-A2DA-01A_Xomics_specificModel,837,0.418778853406075
TCGA-GM-A2DB-01A_Xomics_specificModel,860,0.462204723234637
TCGA-GM-A2DC-01A_Xomics_specificModel,1237,0.459183163678957
TCGA-GM-A2DD-01A_Xomics_specificModel,1233,0.466057983260548
TCGA-GM-A2DF-01A_Xomics_specificModel,1318,0.450434367443048
TCGA-GM-A2DH-01A_Xomics_specificModel,1423,0.446710446541468
TCGA-GM-A2DI-01A_Xomics_specificModel,1124,0.454269004356418
TCGA-GM-A2DK-01A_Xomics_specificModel,1042,0.469489346800232
TCGA-GM-A2DL-01A_Xomics_specificModel,855,0.44230963421518
TCGA-GM-A2DM-01A_Xomics_specificModel,784,0.430571803470069
TCGA-GM-A2DN-01A_Xomics_specificModel,968,0.440534497871171
TCGA-GM-A2DO-01A_Xomics_specificModel,710,0.440888735630044
TCGA-GM-A3NW-01A_Xomics_specificModel,1095,0.458394606904634
TCGA-GM-A3NY-01A_Xomics_specificModel,1021,0.463637968016281
TCGA-GM-A3XG-01A_Xomics_specificModel,1066,0.419269622784618
TCGA-GM-A3XL-01A_Xomics_specificModel,937,0.453330481688962
TCGA-GM-A3XN-01A_Xomics_specificModel,1375,0.450110134579343
TCGA-GM-A4E0-01A_Xomics_specificModel,1021,0.447493423310491
TCGA-GM-A5PV-01A_Xomics_specificModel,1075,0.467291514117811
TCGA-GM-A5PX-01A_Xomics_specificModel,870,0.437772903929821
TCGA-HN-A2NL-01A_Xomics_specificModel,1089,0.454834273291217
TCGA-HN-A2OB-01A_Xomics_specificModel,887,0.446843091870013
TCGA-JL-A3YW-01A_Xomics_specificModel,1294,0.438767378792683
TCGA-JL-A3YX-01A_Xomics_specificModel,1042,0.45452127022998
TCGA-LD-A66U-01A_Xomics_specificModel,1344,0.440727651350095
TCGA-LD-A74U-01A_Xomics_specificModel,1250,0.43953678951748
TCGA-LD-A7W5-01A_Xomics_specificModel,1693,0.45373231367161
TCGA-LD-A7W6-01A_Xomics_specificModel,1203,0.454514206934913
TCGA-LD-A9QF-01A_Xomics_specificModel,1260,0.453771621717608
TCGA-LL-A440-01A_Xomics_specificModel,710,0.433618696098859
TCGA-LL-A441-01A_Xomics_specificModel,1500,0.451881183068319
TCGA-LL-A442-01A_Xomics_specificModel,1222,0.45038052684706
TCGA-LL-A50Y-01A_Xomics_specificModel,655,0.412191454640772
TCGA-LL-A5YL-01A_Xomics_specificModel,1143,0.458545408534591
TCGA-LL-A5YM-01A_Xomics_specificModel,968,0.453003581131432
TCGA-LL-A5YN-01A_Xomics_specificModel,1129,0.472335848754772
TCGA-LL-A5YO-01A_Xomics_specificModel,709,0.415387985958805
TCGA-LL-A5YP-01A_Xomics_specificModel,1093,0.447402012206582
TCGA-LL-A6FP-01A_Xomics_specificModel,735,0.425306412244763
TCGA-LL-A6FQ-01A_Xomics_specificModel,828,0.433259177974493
TCGA-LL-A6FR-01A_Xomics_specificModel,1360,0.460127424379443
TCGA-LL-A73Y-01A_Xomics_specificModel,1118,0.45952337206195
TCGA-LL-A73Z-01A_Xomics_specificModel,988,0.448691869279456
TCGA-LL-A740-01A_Xomics_specificModel,1174,0.43691400520826
TCGA-LL-A7SZ-01A_Xomics_specificModel,886,0.455346835064059
TCGA-LL-A7T0-01A_Xomics_specificModel,1032,0.454352736087626
TCGA-LL-A8F5-01A_Xomics_specificModel,1117,0.46667425068705
TCGA-LL-A9Q3-01A_Xomics_specificModel,1223,0.469079940116516
TCGA-LQ-A4E4-01A_Xomics_specificModel,787,0.431952690807072
TCGA-MS-A51U-01A_Xomics_specificModel,1083,0.450518154074223
TCGA-OK-A5Q2-01A_Xomics_specificModel,1120,0.465188222542777
TCGA-OL-A5D6-01A_Xomics_specificModel,897,0.426759877113068
TCGA-OL-A5D7-01A_Xomics_specificModel,754,0.37228183304149
TCGA-OL-A5D8-01A_Xomics_specificModel,906,0.445551841574491
TCGA-OL-A5DA-01A_Xomics_specificModel,1254,0.473282138208705
TCGA-OL-A5RU-01A_Xomics_specificModel,986,0.460785939751319
TCGA-OL-A5RV-01A_Xomics_specificModel,872,0.406272320355446
TCGA-OL-A5RW-01A_Xomics_specificModel,1427,0.445156078406516
TCGA-OL-A5RX-01A_Xomics_specificModel,836,0.445127725958149
TCGA-OL-A5RY-01A_Xomics_specificModel,817,0.414708263273792
TCGA-OL-A5RZ-01A_Xomics_specificModel,1325,0.458498174716729
TCGA-OL-A5S0-01A_Xomics_specificModel,1269,0.476111890924777
TCGA-OL-A66H-01A_Xomics_specificModel,827,0.456232147703393
TCGA-OL-A66I-01A_Xomics_specificModel,854,0.420465497227914
TCGA-OL-A66J-01A_Xomics_specificModel,1254,0.453541444209968
TCGA-OL-A66K-01A_Xomics_specificModel,1132,0.464260900217806
TCGA-OL-A66L-01A_Xomics_specificModel,1470,0.452861246451436
TCGA-OL-A66N-01A_Xomics_specificModel,1298,0.4706298541992
TCGA-OL-A66O-01A_Xomics_specificModel,970,0.444697486479982
TCGA-OL-A66P-01A_Xomics_specificModel,1137,0.453078684317017
TCGA-OL-A6VO-01A_Xomics_specificModel,955,0.452097361436101
TCGA-OL-A6VQ-01A_Xomics_specificModel,993,0.416558599992498
TCGA-OL-A6VR-01A_Xomics_specificModel,1231,0.456895260425157
TCGA-OL-A97C-01A_Xomics_specificModel,1240,0.455168324517634
TCGA-PE-A5DC-01A_Xomics_specificModel,1174,0.44665356126736
TCGA-PE-A5DD-01A_Xomics_specificModel,1014,0.456048660901097
TCGA-PE-A5DE-01A_Xomics_specificModel,1337,0.450519669246164
TCGA-PL-A8LV-01A_Xomics_specificModel,1323,0.449082967370579
TCGA-PL-A8LX-01A_Xomics_specificModel,1193,0.42084295090344
TCGA-PL-A8LY-01A_Xomics_specificModel,1430,0.463290499802882
TCGA-PL-A8LZ-01A_Xomics_specificModel,1219,0.450679509728188
TCGA-S3-A6ZF-01A_Xomics_specificModel,1200,0.455287835333338
TCGA-S3-A6ZG-01A_Xomics_specificModel,1160,0.457013549282991
TCGA-S3-A6ZH-01A_Xomics_specificModel,1504,0.451313051669696
TCGA-S3-AA0Z-01A_Xomics_specificModel,1232,0.447765694486506
TCGA-S3-AA10-01A_Xomics_specificModel,994,0.4479812648599
TCGA-S3-AA11-01A_Xomics_specificModel,1092,0.470452777883339
TCGA-S3-AA12-01A_Xomics_specificModel,939,0.461037220744986
TCGA-S3-AA14-01A_Xomics_specificModel,928,0.439764263103049
TCGA-S3-AA15-01A_Xomics_specificModel,877,0.434367871740724
TCGA-S3-AA17-01A_Xomics_specificModel,1009,0.436766844247399
TCGA-UL-AAZ6-01A_Xomics_specificModel,1115,0.460370683965916
TCGA-UU-A93S-01A_Xomics_specificModel,1118,0.425620451893782
TCGA-V7-A7HQ-01A_Xomics_specificModel,1063,0.462153053819373
TCGA-W8-A86G-01A_Xomics_specificModel,961,0.4249692949213
TCGA-WT-AB41-01A_Xomics_specificModel,831,0.432756761360529
TCGA-WT-AB44-01A_Xomics_specificModel,960,0.453065376444846
TCGA-XX-A899-01A_Xomics_specificModel,1145,0.45854386474603
TCGA-XX-A89A-01A_Xomics_specificModel,1270,0.461716335214107
TCGA-Z7-A8R5-01A_Xomics_specificModel,866,0.424977014379012
TCGA-Z7-A8R6-01A_Xomics_specificModel,1371,0.473459394463986
